RecipeID,MaterialMasterID,BomAlternative,ProdIssue,RecipeEdition,RecipeDescription,ParameterID,ParameterGlobalName,ParameterLocalName,ParameterValue,Workcenter,TechOffsetValue,RecipeCreatedDate,RecipeLastModifiedDate,ProcessTypeID,Item
174535,992680953800,G1,100,2,285/40R21 1 (D222V):PWPR,1250168.0,TB2_CPL_StatusHead2,Winding head 2 active,1,TB252,,2026-09-18 02:42:39.067,2026-09-18 02:43:35.980,125,PU
174535,992680953800,G1,100,2,285/40R21 1 (D222V):PWPR,1250543.0,TB2_SPR_StatusSprayingLayer5Position1,Bottom Layer Pos.1 (Future Function),1,TB273,,2026-09-18 02:42:39.067,2026-09-18 02:43:35.980,125,PU
174535,992680953800,G1,100,2,285/40R21 1 (D222V):PWPR,1250543.0,TB2_SPR_StatusSprayingLayer5Position1,Bottom Layer Pos.1 (Future Function),1,TB271,,2026-09-18 02:42:39.067,2026-09-18 02:43:35.980,125,PU
174535,992680953800,G1,100,2,285/40R21 1 (D222V):PWPR,1250543.0,TB2_SPR_StatusSprayingLayer5Position1,Bottom Layer Pos.1 (Future Function),1,TB263,,2026-09-18 02:42:39.067,2026-09-18 02:43:35.980,125,PU
174535,992680953800,G1,100,2,285/40R21 1 (D222V):PWPR,1250543.0,TB2_SPR_StatusSprayingLayer5Position1,Bottom Layer Pos.1 (Future Function),1,TB262,,2026-09-18 02:42:39.067,2026-09-18 02:43:35.980,125,PU
174535,992680953800,G1,100,2,285/40R21 1 (D222V):PWPR,1250543.0,TB2_SPR_StatusSprayingLayer5Position1,Bottom Layer Pos.1 (Future Function),1,TB261,,2026-09-18 02:42:39.067,2026-09-18 02:43:35.980,125,PU
174535,992680953800,G1,100,2,285/40R21 1 (D222V):PWPR,1250543.0,TB2_SPR_StatusSprayingLayer5Position1,Bottom Layer Pos.1 (Future Function),1,TB254,,2026-09-18 02:42:39.067,2026-09-18 02:43:35.980,125,PU
174535,992680953800,G1,100,2,285/40R21 1 (D222V):PWPR,1250543.0,TB2_SPR_StatusSprayingLayer5Position1,Bottom Layer Pos.1 (Future Function),1,TB252,,2026-09-18 02:42:39.067,2026-09-18 02:43:35.980,125,PU
174535,992680953800,G1,100,2,285/40R21 1 (D222V):PWPR,1250543.0,TB2_SPR_StatusSprayingLayer5Position1,Bottom Layer Pos.1 (Future Function),1,TB251,,2026-09-18 02:42:39.067,2026-09-18 02:43:35.980,125,PU
174535,992680953800,G1,100,2,285/40R21 1 (D222V):PWPR,1250543.0,TB2_SPR_StatusSprayingLayer5Position1,Bottom Layer Pos.1 (Future Function),1,TB284,,2026-09-18 02:42:39.067,2026-09-18 02:43:35.980,125,PU
174535,992680953800,G1,100,2,285/40R21 1 (D222V):PWPR,1250167.0,TB2_CPL_StatusHead1,Winding head 1 active,1,TB283,,2026-09-18 02:42:39.067,2026-09-18 02:43:35.980,125,PU
174535,992680953800,G1,100,2,285/40R21 1 (D222V):PWPR,1250167.0,TB2_CPL_StatusHead1,Winding head 1 active,1,TB285,,2026-09-18 02:42:39.067,2026-09-18 02:43:35.980,125,PU
174535,992680953800,G1,100,2,285/40R21 1 (D222V):PWPR,1250167.0,TB2_CPL_StatusHead1,Winding head 1 active,1,TB286,,2026-09-18 02:42:39.067,2026-09-18 02:43:35.980,125,PU
174535,992680953800,G1,100,2,285/40R21 1 (D222V):PWPR,1250167.0,TB2_CPL_StatusHead1,Winding head 1 active,1,TB264,,2026-09-18 02:42:39.067,2026-09-18 02:43:35.980,125,PU
174535,992680953800,G1,100,2,285/40R21 1 (D222V):PWPR,1250121.0,TB2_BT_StatusCycleStop,Pick up belt package - stop,0,TB284,,2026-09-18 02:42:39.067,2026-09-18 02:43:35.980,125,PU
174535,992680953800,G1,100,2,285/40R21 1 (D222V):PWPR,1250121.0,TB2_BT_StatusCycleStop,Pick up belt package - stop,0,TB251,,2026-09-18 02:42:39.067,2026-09-18 02:43:35.980,125,PU
174535,992680953800,G1,100,2,285/40R21 1 (D222V):PWPR,1250121.0,TB2_BT_StatusCycleStop,Pick up belt package - stop,0,TB252,,2026-09-18 02:42:39.067,2026-09-18 02:43:35.980,125,PU
174535,992680953800,G1,100,2,285/40R21 1 (D222V):PWPR,1250121.0,TB2_BT_StatusCycleStop,Pick up belt package - stop,0,TB254,,2026-09-18 02:42:39.067,2026-09-18 02:43:35.980,125,PU
174535,992680953800,G1,100,2,285/40R21 1 (D222V):PWPR,1250121.0,TB2_BT_StatusCycleStop,Pick up belt package - stop,0,TB261,,2026-09-18 02:42:39.067,2026-09-18 02:43:35.980,125,PU
174535,992680953800,G1,100,2,285/40R21 1 (D222V):PWPR,1250121.0,TB2_BT_StatusCycleStop,Pick up belt package - stop,0,TB262,,2026-09-18 02:42:39.067,2026-09-18 02:43:35.980,125,PU
174535,992680953800,G1,100,2,285/40R21 1 (D222V):PWPR,1250121.0,TB2_BT_StatusCycleStop,Pick up belt package - stop,0,TB263,,2026-09-18 02:42:39.067,2026-09-18 02:43:35.980,125,PU
174535,992680953800,G1,100,2,285/40R21 1 (D222V):PWPR,1250029.0,TB2_INF_SAPPieceCode,Green Tire SAP Code,992680953800,TB284,,2026-09-18 02:42:39.067,2026-09-18 02:43:35.980,125,PU
174535,992680953800,G1,100,2,285/40R21 1 (D222V):PWPR,1250029.0,TB2_INF_SAPPieceCode,Green Tire SAP Code,992680953800,TB251,,2026-09-18 02:42:39.067,2026-09-18 02:43:35.980,125,PU
174535,992680953800,G1,100,2,285/40R21 1 (D222V):PWPR,1250543.0,TB2_SPR_StatusSprayingLayer5Position1,Bottom Layer Pos.1 (Future Function),1,TB272,,2026-09-18 02:42:39.067,2026-09-18 02:43:35.980,125,PU
174535,992680953800,G1,100,2,285/40R21 1 (D222V):PWPR,1250543.0,TB2_SPR_StatusSprayingLayer5Position1,Bottom Layer Pos.1 (Future Function),1,TB274,,2026-09-18 02:42:39.067,2026-09-18 02:43:35.980,125,PU
174535,992680953800,G1,100,2,285/40R21 1 (D222V):PWPR,1250029.0,TB2_INF_SAPPieceCode,Green Tire SAP Code,992680953800,TB254,,2026-09-18 02:42:39.067,2026-09-18 02:43:35.980,125,PU
174535,992680953800,G1,100,2,285/40R21 1 (D222V):PWPR,1250543.0,TB2_SPR_StatusSprayingLayer5Position1,Bottom Layer Pos.1 (Future Function),1,TB275,,2026-09-18 02:42:39.067,2026-09-18 02:43:35.980,125,PU
174535,992680953800,G1,100,2,285/40R21 1 (D222V):PWPR,1250030.0,TB2_INF_Size,Size,285/40R21 109Y XL FR UX7,TB261,,2026-09-18 02:42:39.067,2026-09-18 02:43:35.980,125,PU
174535,992680953800,G1,100,2,285/40R21 1 (D222V):PWPR,1250030.0,TB2_INF_Size,Size,285/40R21 109Y XL FR UX7,TB262,,2026-09-18 02:42:39.067,2026-09-18 02:43:35.980,125,PU
174535,992680953800,G1,100,2,285/40R21 1 (D222V):PWPR,1250030.0,TB2_INF_Size,Size,285/40R21 109Y XL FR UX7,TB263,,2026-09-18 02:42:39.067,2026-09-18 02:43:35.980,125,PU
174535,992680953800,G1,100,2,285/40R21 1 (D222V):PWPR,1250030.0,TB2_INF_Size,Size,285/40R21 109Y XL FR UX7,TB271,,2026-09-18 02:42:39.067,2026-09-18 02:43:35.980,125,PU
174535,992680953800,G1,100,2,285/40R21 1 (D222V):PWPR,1250030.0,TB2_INF_Size,Size,285/40R21 109Y XL FR UX7,TB272,,2026-09-18 02:42:39.067,2026-09-18 02:43:35.980,125,PU
174535,992680953800,G1,100,2,285/40R21 1 (D222V):PWPR,1250030.0,TB2_INF_Size,Size,285/40R21 109Y XL FR UX7,TB273,,2026-09-18 02:42:39.067,2026-09-18 02:43:35.980,125,PU
174535,992680953800,G1,100,2,285/40R21 1 (D222V):PWPR,1250030.0,TB2_INF_Size,Size,285/40R21 109Y XL FR UX7,TB274,,2026-09-18 02:42:39.067,2026-09-18 02:43:35.980,125,PU
174535,992680953800,G1,100,2,285/40R21 1 (D222V):PWPR,1250030.0,TB2_INF_Size,Size,285/40R21 109Y XL FR UX7,TB275,,2026-09-18 02:42:39.067,2026-09-18 02:43:35.980,125,PU
174535,992680953800,G1,100,2,285/40R21 1 (D222V):PWPR,1250030.0,TB2_INF_Size,Size,285/40R21 109Y XL FR UX7,TB276,,2026-09-18 02:42:39.067,2026-09-18 02:43:35.980,125,PU
174535,992680953800,G1,100,2,285/40R21 1 (D222V):PWPR,1250030.0,TB2_INF_Size,Size,285/40R21 109Y XL FR UX7,TB281,,2026-09-18 02:42:39.067,2026-09-18 02:43:35.980,125,PU
174535,992680953800,G1,100,2,285/40R21 1 (D222V):PWPR,1250030.0,TB2_INF_Size,Size,285/40R21 109Y XL FR UX7,TB282,,2026-09-18 02:42:39.067,2026-09-18 02:43:35.980,125,PU
174535,992680953800,G1,100,2,285/40R21 1 (D222V):PWPR,1250030.0,TB2_INF_Size,Size,285/40R21 109Y XL FR UX7,TB283,,2026-09-18 02:42:39.067,2026-09-18 02:43:35.980,125,PU
174535,992680953800,G1,100,2,285/40R21 1 (D222V):PWPR,1250030.0,TB2_INF_Size,Size,285/40R21 109Y XL FR UX7,TB285,,2026-09-18 02:42:39.067,2026-09-18 02:43:35.980,125,PU
174535,992680953800,G1,100,2,285/40R21 1 (D222V):PWPR,1250030.0,TB2_INF_Size,Size,285/40R21 109Y XL FR UX7,TB286,,2026-09-18 02:42:39.067,2026-09-18 02:43:35.980,125,PU
174535,992680953800,G1,100,2,285/40R21 1 (D222V):PWPR,1250030.0,TB2_INF_Size,Size,285/40R21 109Y XL FR UX7,TB264,,2026-09-18 02:42:39.067,2026-09-18 02:43:35.980,125,PU
174535,992680953800,G1,100,2,285/40R21 1 (D222V):PWPR,1250543.0,TB2_SPR_StatusSprayingLayer5Position1,Bottom Layer Pos.1 (Future Function),1,TB286,,2026-09-18 02:42:39.067,2026-09-18 02:43:35.980,125,PU
174535,992680953800,G1,100,2,285/40R21 1 (D222V):PWPR,1250543.0,TB2_SPR_StatusSprayingLayer5Position1,Bottom Layer Pos.1 (Future Function),1,TB285,,2026-09-18 02:42:39.067,2026-09-18 02:43:35.980,125,PU
174535,992680953800,G1,100,2,285/40R21 1 (D222V):PWPR,1250543.0,TB2_SPR_StatusSprayingLayer5Position1,Bottom Layer Pos.1 (Future Function),1,TB283,,2026-09-18 02:42:39.067,2026-09-18 02:43:35.980,125,PU
174535,992680953800,G1,100,2,285/40R21 1 (D222V):PWPR,1250543.0,TB2_SPR_StatusSprayingLayer5Position1,Bottom Layer Pos.1 (Future Function),1,TB282,,2026-09-18 02:42:39.067,2026-09-18 02:43:35.980,125,PU
174535,992680953800,G1,100,2,285/40R21 1 (D222V):PWPR,1250543.0,TB2_SPR_StatusSprayingLayer5Position1,Bottom Layer Pos.1 (Future Function),1,TB281,,2026-09-18 02:42:39.067,2026-09-18 02:43:35.980,125,PU
174535,992680953800,G1,100,2,285/40R21 1 (D222V):PWPR,1250543.0,TB2_SPR_StatusSprayingLayer5Position1,Bottom Layer Pos.1 (Future Function),1,TB276,,2026-09-18 02:42:39.067,2026-09-18 02:43:35.980,125,PU
174535,992680953800,G1,100,2,285/40R21 1 (D222V):PWPR,1250029.0,TB2_INF_SAPPieceCode,Green Tire SAP Code,992680953800,TB252,,2026-09-18 02:42:39.067,2026-09-18 02:43:35.980,125,PU
174535,992680953800,G1,100,2,285/40R21 1 (D222V):PWPR,1250029.0,TB2_INF_SAPPieceCode,Green Tire SAP Code,992680953800,TB261,,2026-09-18 02:42:39.067,2026-09-18 02:43:35.980,125,PU
174535,992680953800,G1,100,2,285/40R21 1 (D222V):PWPR,1251759.0,TB2_BL_ColorMarkingPosition1,Color Position 1 - BL (Spec card),R,TB262,,2026-09-18 02:42:39.067,2026-09-18 02:43:35.980,125,PU
174535,992680953800,G1,100,2,285/40R21 1 (D222V):PWPR,1250027.0,TB2_INF_CodeCarcass,Carcass code,5000EQ@C>],TB274,,2026-09-18 02:42:39.067,2026-09-18 02:43:35.980,125,PU
174535,992680953800,G1,100,2,285/40R21 1 (D222V):PWPR,1250027.0,TB2_INF_CodeCarcass,Carcass code,5000EQ@C>],TB276,,2026-09-18 02:42:39.067,2026-09-18 02:43:35.980,125,PU
174535,992680953800,G1,100,2,285/40R21 1 (D222V):PWPR,1250027.0,TB2_INF_CodeCarcass,Carcass code,5000EQ@C>],TB281,,2026-09-18 02:42:39.067,2026-09-18 02:43:35.980,125,PU
174535,992680953800,G1,100,2,285/40R21 1 (D222V):PWPR,1250027.0,TB2_INF_CodeCarcass,Carcass code,5000EQ@C>],TB282,,2026-09-18 02:42:39.067,2026-09-18 02:43:35.980,125,PU
174535,992680953800,G1,100,2,285/40R21 1 (D222V):PWPR,1250027.0,TB2_INF_CodeCarcass,Carcass code,5000EQ@C>],TB283,,2026-09-18 02:42:39.067,2026-09-18 02:43:35.980,125,PU
174535,992680953800,G1,100,2,285/40R21 1 (D222V):PWPR,1250027.0,TB2_INF_CodeCarcass,Carcass code,5000EQ@C>],TB285,,2026-09-18 02:42:39.067,2026-09-18 02:43:35.980,125,PU
174535,992680953800,G1,100,2,285/40R21 1 (D222V):PWPR,1250027.0,TB2_INF_CodeCarcass,Carcass code,5000EQ@C>],TB286,,2026-09-18 02:42:39.067,2026-09-18 02:43:35.980,125,PU
174535,992680953800,G1,100,2,285/40R21 1 (D222V):PWPR,1250027.0,TB2_INF_CodeCarcass,Carcass code,5000EQ@C>],TB264,,2026-09-18 02:42:39.067,2026-09-18 02:43:35.980,125,PU
174535,992680953800,G1,100,2,285/40R21 1 (D222V):PWPR,1250121.0,TB2_BT_StatusCycleStop,Pick up belt package - stop,0,TB271,,2026-09-18 02:42:39.067,2026-09-18 02:43:35.980,125,PU
174535,992680953800,G1,100,2,285/40R21 1 (D222V):PWPR,1250121.0,TB2_BT_StatusCycleStop,Pick up belt package - stop,0,TB272,,2026-09-18 02:42:39.067,2026-09-18 02:43:35.980,125,PU
174535,992680953800,G1,100,2,285/40R21 1 (D222V):PWPR,1250121.0,TB2_BT_StatusCycleStop,Pick up belt package - stop,0,TB273,,2026-09-18 02:42:39.067,2026-09-18 02:43:35.980,125,PU
174535,992680953800,G1,100,2,285/40R21 1 (D222V):PWPR,1250121.0,TB2_BT_StatusCycleStop,Pick up belt package - stop,0,TB274,,2026-09-18 02:42:39.067,2026-09-18 02:43:35.980,125,PU
174535,992680953800,G1,100,2,285/40R21 1 (D222V):PWPR,1250121.0,TB2_BT_StatusCycleStop,Pick up belt package - stop,0,TB275,,2026-09-18 02:42:39.067,2026-09-18 02:43:35.980,125,PU
174535,992680953800,G1,100,2,285/40R21 1 (D222V):PWPR,1250121.0,TB2_BT_StatusCycleStop,Pick up belt package - stop,0,TB276,,2026-09-18 02:42:39.067,2026-09-18 02:43:35.980,125,PU
174535,992680953800,G1,100,2,285/40R21 1 (D222V):PWPR,1250121.0,TB2_BT_StatusCycleStop,Pick up belt package - stop,0,TB281,,2026-09-18 02:42:39.067,2026-09-18 02:43:35.980,125,PU
174535,992680953800,G1,100,2,285/40R21 1 (D222V):PWPR,1250121.0,TB2_BT_StatusCycleStop,Pick up belt package - stop,0,TB282,,2026-09-18 02:42:39.067,2026-09-18 02:43:35.980,125,PU
174535,992680953800,G1,100,2,285/40R21 1 (D222V):PWPR,1250121.0,TB2_BT_StatusCycleStop,Pick up belt package - stop,0,TB283,,2026-09-18 02:42:39.067,2026-09-18 02:43:35.980,125,PU
174535,992680953800,G1,100,2,285/40R21 1 (D222V):PWPR,1250121.0,TB2_BT_StatusCycleStop,Pick up belt package - stop,0,TB285,,2026-09-18 02:42:39.067,2026-09-18 02:43:35.980,125,PU
174535,992680953800,G1,100,2,285/40R21 1 (D222V):PWPR,1250121.0,TB2_BT_StatusCycleStop,Pick up belt package - stop,0,TB286,,2026-09-18 02:42:39.067,2026-09-18 02:43:35.980,125,PU
174535,992680953800,G1,100,2,285/40R21 1 (D222V):PWPR,1250069.0,TB2_TR_StatusAtPositionWithBeltStitcher,Belt stitcher - position,0,TB264,,2026-09-18 02:42:39.067,2026-09-18 02:43:35.980,125,PU
174535,992680953800,G1,100,2,285/40R21 1 (D222V):PWPR,1250069.0,TB2_TR_StatusAtPositionWithBeltStitcher,Belt stitcher - position,0,TB286,,2026-09-18 02:42:39.067,2026-09-18 02:43:35.980,125,PU
174535,992680953800,G1,100,2,285/40R21 1 (D222V):PWPR,1250069.0,TB2_TR_StatusAtPositionWithBeltStitcher,Belt stitcher - position,0,TB285,,2026-09-18 02:42:39.067,2026-09-18 02:43:35.980,125,PU
174535,992680953800,G1,100,2,285/40R21 1 (D222V):PWPR,1250027.0,TB2_INF_CodeCarcass,Carcass code,5000EQ@C>],TB275,,2026-09-18 02:42:39.067,2026-09-18 02:43:35.980,125,PU
174535,992680953800,G1,100,2,285/40R21 1 (D222V):PWPR,1250027.0,TB2_INF_CodeCarcass,Carcass code,5000EQ@C>],TB273,,2026-09-18 02:42:39.067,2026-09-18 02:43:35.980,125,PU
174535,992680953800,G1,100,2,285/40R21 1 (D222V):PWPR,1250029.0,TB2_INF_SAPPieceCode,Green Tire SAP Code,992680953800,TB262,,2026-09-18 02:42:39.067,2026-09-18 02:43:35.980,125,PU
174535,992680953800,G1,100,2,285/40R21 1 (D222V):PWPR,1250027.0,TB2_INF_CodeCarcass,Carcass code,5000EQ@C>],TB272,,2026-09-18 02:42:39.067,2026-09-18 02:43:35.980,125,PU
174535,992680953800,G1,100,2,285/40R21 1 (D222V):PWPR,1250029.0,TB2_INF_SAPPieceCode,Green Tire SAP Code,992680953800,TB263,,2026-09-18 02:42:39.067,2026-09-18 02:43:35.980,125,PU
174535,992680953800,G1,100,2,285/40R21 1 (D222V):PWPR,1250029.0,TB2_INF_SAPPieceCode,Green Tire SAP Code,992680953800,TB271,,2026-09-18 02:42:39.067,2026-09-18 02:43:35.980,125,PU
174535,992680953800,G1,100,2,285/40R21 1 (D222V):PWPR,1250029.0,TB2_INF_SAPPieceCode,Green Tire SAP Code,992680953800,TB272,,2026-09-18 02:42:39.067,2026-09-18 02:43:35.980,125,PU
174535,992680953800,G1,100,2,285/40R21 1 (D222V):PWPR,1250029.0,TB2_INF_SAPPieceCode,Green Tire SAP Code,992680953800,TB273,,2026-09-18 02:42:39.067,2026-09-18 02:43:35.980,125,PU
174535,992680953800,G1,100,2,285/40R21 1 (D222V):PWPR,1250029.0,TB2_INF_SAPPieceCode,Green Tire SAP Code,992680953800,TB274,,2026-09-18 02:42:39.067,2026-09-18 02:43:35.980,125,PU
174535,992680953800,G1,100,2,285/40R21 1 (D222V):PWPR,1250029.0,TB2_INF_SAPPieceCode,Green Tire SAP Code,992680953800,TB275,,2026-09-18 02:42:39.067,2026-09-18 02:43:35.980,125,PU
174535,992680953800,G1,100,2,285/40R21 1 (D222V):PWPR,1250029.0,TB2_INF_SAPPieceCode,Green Tire SAP Code,992680953800,TB276,,2026-09-18 02:42:39.067,2026-09-18 02:43:35.980,125,PU
174535,992680953800,G1,100,2,285/40R21 1 (D222V):PWPR,1250029.0,TB2_INF_SAPPieceCode,Green Tire SAP Code,992680953800,TB281,,2026-09-18 02:42:39.067,2026-09-18 02:43:35.980,125,PU
174535,992680953800,G1,100,2,285/40R21 1 (D222V):PWPR,1250029.0,TB2_INF_SAPPieceCode,Green Tire SAP Code,992680953800,TB282,,2026-09-18 02:42:39.067,2026-09-18 02:43:35.980,125,PU
174535,992680953800,G1,100,2,285/40R21 1 (D222V):PWPR,1250029.0,TB2_INF_SAPPieceCode,Green Tire SAP Code,992680953800,TB283,,2026-09-18 02:42:39.067,2026-09-18 02:43:35.980,125,PU
174535,992680953800,G1,100,2,285/40R21 1 (D222V):PWPR,1250029.0,TB2_INF_SAPPieceCode,Green Tire SAP Code,992680953800,TB285,,2026-09-18 02:42:39.067,2026-09-18 02:43:35.980,125,PU
174535,992680953800,G1,100,2,285/40R21 1 (D222V):PWPR,1250029.0,TB2_INF_SAPPieceCode,Green Tire SAP Code,992680953800,TB286,,2026-09-18 02:42:39.067,2026-09-18 02:43:35.980,125,PU
174535,992680953800,G1,100,2,285/40R21 1 (D222V):PWPR,1250029.0,TB2_INF_SAPPieceCode,Green Tire SAP Code,992680953800,TB264,,2026-09-18 02:42:39.067,2026-09-18 02:43:35.980,125,PU
174535,992680953800,G1,100,2,285/40R21 1 (D222V):PWPR,1250027.0,TB2_INF_CodeCarcass,Carcass code,5000EQ@C>],TB284,,2026-09-18 02:42:39.067,2026-09-18 02:43:35.980,125,PU
174535,992680953800,G1,100,2,285/40R21 1 (D222V):PWPR,1250027.0,TB2_INF_CodeCarcass,Carcass code,5000EQ@C>],TB251,,2026-09-18 02:42:39.067,2026-09-18 02:43:35.980,125,PU
174535,992680953800,G1,100,2,285/40R21 1 (D222V):PWPR,1250027.0,TB2_INF_CodeCarcass,Carcass code,5000EQ@C>],TB252,,2026-09-18 02:42:39.067,2026-09-18 02:43:35.980,125,PU
174535,992680953800,G1,100,2,285/40R21 1 (D222V):PWPR,1250027.0,TB2_INF_CodeCarcass,Carcass code,5000EQ@C>],TB254,,2026-09-18 02:42:39.067,2026-09-18 02:43:35.980,125,PU
174535,992680953800,G1,100,2,285/40R21 1 (D222V):PWPR,1250027.0,TB2_INF_CodeCarcass,Carcass code,5000EQ@C>],TB261,,2026-09-18 02:42:39.067,2026-09-18 02:43:35.980,125,PU
174535,992680953800,G1,100,2,285/40R21 1 (D222V):PWPR,1250027.0,TB2_INF_CodeCarcass,Carcass code,5000EQ@C>],TB262,,2026-09-18 02:42:39.067,2026-09-18 02:43:35.980,125,PU
174535,992680953800,G1,100,2,285/40R21 1 (D222V):PWPR,1250027.0,TB2_INF_CodeCarcass,Carcass code,5000EQ@C>],TB263,,2026-09-18 02:42:39.067,2026-09-18 02:43:35.980,125,PU
174535,992680953800,G1,100,2,285/40R21 1 (D222V):PWPR,1250027.0,TB2_INF_CodeCarcass,Carcass code,5000EQ@C>],TB271,,2026-09-18 02:42:39.067,2026-09-18 02:43:35.980,125,PU
174535,992680953800,G1,100,2,285/40R21 1 (D222V):PWPR,1250030.0,TB2_INF_Size,Size,285/40R21 109Y XL FR UX7,TB254,,2026-09-18 02:42:39.067,2026-09-18 02:43:35.980,125,PU
174535,992680953800,G1,100,2,285/40R21 1 (D222V):PWPR,1250030.0,TB2_INF_Size,Size,285/40R21 109Y XL FR UX7,TB252,,2026-09-18 02:42:39.067,2026-09-18 02:43:35.980,125,PU
174535,992680953800,G1,100,2,285/40R21 1 (D222V):PWPR,1250030.0,TB2_INF_Size,Size,285/40R21 109Y XL FR UX7,TB251,,2026-09-18 02:42:39.067,2026-09-18 02:43:35.980,125,PU
174535,992680953800,G1,100,2,285/40R21 1 (D222V):PWPR,1250167.0,TB2_CPL_StatusHead1,Winding head 1 active,1,TB251,,2026-09-18 02:42:39.067,2026-09-18 02:43:35.980,125,PU
174535,992680953800,G1,100,2,285/40R21 1 (D222V):PWPR,1250167.0,TB2_CPL_StatusHead1,Winding head 1 active,1,TB254,,2026-09-18 02:42:39.067,2026-09-18 02:43:35.980,125,PU
174535,992680953800,G1,100,2,285/40R21 1 (D222V):PWPR,1250167.0,TB2_CPL_StatusHead1,Winding head 1 active,1,TB261,,2026-09-18 02:42:39.067,2026-09-18 02:43:35.980,125,PU
174535,992680953800,G1,100,2,285/40R21 1 (D222V):PWPR,1250167.0,TB2_CPL_StatusHead1,Winding head 1 active,1,TB262,,2026-09-18 02:42:39.067,2026-09-18 02:43:35.980,125,PU
174535,992680953800,G1,100,2,285/40R21 1 (D222V):PWPR,1250167.0,TB2_CPL_StatusHead1,Winding head 1 active,1,TB263,,2026-09-18 02:42:39.067,2026-09-18 02:43:35.980,125,PU
174535,992680953800,G1,100,2,285/40R21 1 (D222V):PWPR,1250167.0,TB2_CPL_StatusHead1,Winding head 1 active,1,TB271,,2026-09-18 02:42:39.067,2026-09-18 02:43:35.980,125,PU
174535,992680953800,G1,100,2,285/40R21 1 (D222V):PWPR,1250167.0,TB2_CPL_StatusHead1,Winding head 1 active,1,TB272,,2026-09-18 02:42:39.067,2026-09-18 02:43:35.980,125,PU
174535,992680953800,G1,100,2,285/40R21 1 (D222V):PWPR,1250167.0,TB2_CPL_StatusHead1,Winding head 1 active,1,TB273,,2026-09-18 02:42:39.067,2026-09-18 02:43:35.980,125,PU
174535,992680953800,G1,100,2,285/40R21 1 (D222V):PWPR,1250167.0,TB2_CPL_StatusHead1,Winding head 1 active,1,TB274,,2026-09-18 02:42:39.067,2026-09-18 02:43:35.980,125,PU
174535,992680953800,G1,100,2,285/40R21 1 (D222V):PWPR,1250167.0,TB2_CPL_StatusHead1,Winding head 1 active,1,TB275,,2026-09-18 02:42:39.067,2026-09-18 02:43:35.980,125,PU
174535,992680953800,G1,100,2,285/40R21 1 (D222V):PWPR,1250167.0,TB2_CPL_StatusHead1,Winding head 1 active,1,TB276,,2026-09-18 02:42:39.067,2026-09-18 02:43:35.980,125,PU
174535,992680953800,G1,100,2,285/40R21 1 (D222V):PWPR,1250167.0,TB2_CPL_StatusHead1,Winding head 1 active,1,TB281,,2026-09-18 02:42:39.067,2026-09-18 02:43:35.980,125,PU
174535,992680953800,G1,100,2,285/40R21 1 (D222V):PWPR,1250167.0,TB2_CPL_StatusHead1,Winding head 1 active,1,TB282,,2026-09-18 02:42:39.067,2026-09-18 02:43:35.980,125,PU
174535,992680953800,G1,100,2,285/40R21 1 (D222V):PWPR,1250544.0,TB2_SPR_StatusSprayingLayer5Position2,Bottom Layer Pos.2 (Future Function),1,TB264,,2026-09-18 02:42:39.067,2026-09-18 02:43:35.980,125,PU
174535,992680953800,G1,100,2,285/40R21 1 (D222V):PWPR,1253197.0,TB2_INF_StatusPressureMonitorControl,TB2_INF_Status Pressure Monitor Control,0,TB284,,2026-09-18 02:42:39.067,2026-09-18 02:43:35.980,125,PU
174535,992680953800,G1,100,2,285/40R21 1 (D222V):PWPR,1253197.0,TB2_INF_StatusPressureMonitorControl,TB2_INF_Status Pressure Monitor Control,0,TB251,,2026-09-18 02:42:39.067,2026-09-18 02:43:35.980,125,PU
174535,992680953800,G1,100,2,285/40R21 1 (D222V):PWPR,1253197.0,TB2_INF_StatusPressureMonitorControl,TB2_INF_Status Pressure Monitor Control,0,TB252,,2026-09-18 02:42:39.067,2026-09-18 02:43:35.980,125,PU
174535,992680953800,G1,100,2,285/40R21 1 (D222V):PWPR,1253197.0,TB2_INF_StatusPressureMonitorControl,TB2_INF_Status Pressure Monitor Control,0,TB254,,2026-09-18 02:42:39.067,2026-09-18 02:43:35.980,125,PU
174535,992680953800,G1,100,2,285/40R21 1 (D222V):PWPR,1253197.0,TB2_INF_StatusPressureMonitorControl,TB2_INF_Status Pressure Monitor Control,0,TB261,,2026-09-18 02:42:39.067,2026-09-18 02:43:35.980,125,PU
174535,992680953800,G1,100,2,285/40R21 1 (D222V):PWPR,1253197.0,TB2_INF_StatusPressureMonitorControl,TB2_INF_Status Pressure Monitor Control,0,TB262,,2026-09-18 02:42:39.067,2026-09-18 02:43:35.980,125,PU
174535,992680953800,G1,100,2,285/40R21 1 (D222V):PWPR,1253197.0,TB2_INF_StatusPressureMonitorControl,TB2_INF_Status Pressure Monitor Control,0,TB263,,2026-09-18 02:42:39.067,2026-09-18 02:43:35.980,125,PU
174535,992680953800,G1,100,2,285/40R21 1 (D222V):PWPR,1253197.0,TB2_INF_StatusPressureMonitorControl,TB2_INF_Status Pressure Monitor Control,0,TB271,,2026-09-18 02:42:39.067,2026-09-18 02:43:35.980,125,PU
174535,992680953800,G1,100,2,285/40R21 1 (D222V):PWPR,1250167.0,TB2_CPL_StatusHead1,Winding head 1 active,1,TB252,,2026-09-18 02:42:39.067,2026-09-18 02:43:35.980,125,PU
174535,992680953800,G1,100,2,285/40R21 1 (D222V):PWPR,1250167.0,TB2_CPL_StatusHead1,Winding head 1 active,1,TB284,,2026-09-18 02:42:39.067,2026-09-18 02:43:35.980,125,PU
174535,992680953800,G1,100,2,285/40R21 1 (D222V):PWPR,1250030.0,TB2_INF_Size,Size,285/40R21 109Y XL FR UX7,TB284,,2026-09-18 02:42:39.067,2026-09-18 02:43:35.980,125,PU
174535,992680953800,G1,100,2,285/40R21 1 (D222V):PWPR,1250300.0,TB2_CAL_StatusCarcassLoader,Automatic carcass loading ON(False)/OFF(True),0,TB264,,2026-09-18 02:42:39.067,2026-09-18 02:43:35.980,125,PU
174535,992680953800,G1,100,2,285/40R21 1 (D222V):PWPR,1253337.0,TB2_CPL_StatusCrossCapplyStitcher,冠带压辊打压,0,TB284,,2026-09-18 02:42:39.067,2026-09-18 02:43:35.980,125,PU
174535,992680953800,G1,100,2,285/40R21 1 (D222V):PWPR,1253337.0,TB2_CPL_StatusCrossCapplyStitcher,冠带压辊打压,0,TB251,,2026-09-18 02:42:39.067,2026-09-18 02:43:35.980,125,PU
174535,992680953800,G1,100,2,285/40R21 1 (D222V):PWPR,1253337.0,TB2_CPL_StatusCrossCapplyStitcher,冠带压辊打压,0,TB252,,2026-09-18 02:42:39.067,2026-09-18 02:43:35.980,125,PU
174535,992680953800,G1,100,2,285/40R21 1 (D222V):PWPR,1253337.0,TB2_CPL_StatusCrossCapplyStitcher,冠带压辊打压,0,TB254,,2026-09-18 02:42:39.067,2026-09-18 02:43:35.980,125,PU
174535,992680953800,G1,100,2,285/40R21 1 (D222V):PWPR,1253337.0,TB2_CPL_StatusCrossCapplyStitcher,冠带压辊打压,0,TB261,,2026-09-18 02:42:39.067,2026-09-18 02:43:35.980,125,PU
174535,992680953800,G1,100,2,285/40R21 1 (D222V):PWPR,1253337.0,TB2_CPL_StatusCrossCapplyStitcher,冠带压辊打压,0,TB262,,2026-09-18 02:42:39.067,2026-09-18 02:43:35.980,125,PU
174535,992680953800,G1,100,2,285/40R21 1 (D222V):PWPR,1253337.0,TB2_CPL_StatusCrossCapplyStitcher,冠带压辊打压,0,TB263,,2026-09-18 02:42:39.067,2026-09-18 02:43:35.980,125,PU
174535,992680953800,G1,100,2,285/40R21 1 (D222V):PWPR,1253337.0,TB2_CPL_StatusCrossCapplyStitcher,冠带压辊打压,0,TB271,,2026-09-18 02:42:39.067,2026-09-18 02:43:35.980,125,PU
174535,992680953800,G1,100,2,285/40R21 1 (D222V):PWPR,1253337.0,TB2_CPL_StatusCrossCapplyStitcher,冠带压辊打压,0,TB272,,2026-09-18 02:42:39.067,2026-09-18 02:43:35.980,125,PU
174535,992680953800,G1,100,2,285/40R21 1 (D222V):PWPR,1253337.0,TB2_CPL_StatusCrossCapplyStitcher,冠带压辊打压,0,TB273,,2026-09-18 02:42:39.067,2026-09-18 02:43:35.980,125,PU
174535,992680953800,G1,100,2,285/40R21 1 (D222V):PWPR,1253337.0,TB2_CPL_StatusCrossCapplyStitcher,冠带压辊打压,0,TB274,,2026-09-18 02:42:39.067,2026-09-18 02:43:35.980,125,PU
174535,992680953800,G1,100,2,285/40R21 1 (D222V):PWPR,1253337.0,TB2_CPL_StatusCrossCapplyStitcher,冠带压辊打压,0,TB275,,2026-09-18 02:42:39.067,2026-09-18 02:43:35.980,125,PU
174535,992680953800,G1,100,2,285/40R21 1 (D222V):PWPR,1253337.0,TB2_CPL_StatusCrossCapplyStitcher,冠带压辊打压,0,TB276,,2026-09-18 02:42:39.067,2026-09-18 02:43:35.980,125,PU
174535,992680953800,G1,100,2,285/40R21 1 (D222V):PWPR,1253337.0,TB2_CPL_StatusCrossCapplyStitcher,冠带压辊打压,0,TB281,,2026-09-18 02:42:39.067,2026-09-18 02:43:35.980,125,PU
174535,992680953800,G1,100,2,285/40R21 1 (D222V):PWPR,1253337.0,TB2_CPL_StatusCrossCapplyStitcher,冠带压辊打压,0,TB282,,2026-09-18 02:42:39.067,2026-09-18 02:43:35.980,125,PU
174535,992680953800,G1,100,2,285/40R21 1 (D222V):PWPR,1253337.0,TB2_CPL_StatusCrossCapplyStitcher,冠带压辊打压,0,TB283,,2026-09-18 02:42:39.067,2026-09-18 02:43:35.980,125,PU
174535,992680953800,G1,100,2,285/40R21 1 (D222V):PWPR,1253337.0,TB2_CPL_StatusCrossCapplyStitcher,冠带压辊打压,0,TB285,,2026-09-18 02:42:39.067,2026-09-18 02:43:35.980,125,PU
174535,992680953800,G1,100,2,285/40R21 1 (D222V):PWPR,1253337.0,TB2_CPL_StatusCrossCapplyStitcher,冠带压辊打压,0,TB286,,2026-09-18 02:42:39.067,2026-09-18 02:43:35.980,125,PU
174535,992680953800,G1,100,2,285/40R21 1 (D222V):PWPR,1253337.0,TB2_CPL_StatusCrossCapplyStitcher,冠带压辊打压,0,TB264,,2026-09-18 02:42:39.067,2026-09-18 02:43:35.980,125,PU
174535,992680953800,G1,100,2,285/40R21 1 (D222V):PWPR,1250300.0,TB2_CAL_StatusCarcassLoader,Automatic carcass loading ON(False)/OFF(True),0,TB285,,2026-09-18 02:42:39.067,2026-09-18 02:43:35.980,125,PU
174535,992680953800,G1,100,2,285/40R21 1 (D222V):PWPR,1250300.0,TB2_CAL_StatusCarcassLoader,Automatic carcass loading ON(False)/OFF(True),0,TB286,,2026-09-18 02:42:39.067,2026-09-18 02:43:35.980,125,PU
174535,992680953800,G1,100,2,285/40R21 1 (D222V):PWPR,1253197.0,TB2_INF_StatusPressureMonitorControl,TB2_INF_Status Pressure Monitor Control,0,TB272,,2026-09-18 02:42:39.067,2026-09-18 02:43:35.980,125,PU
174535,992680953800,G1,100,2,285/40R21 1 (D222V):PWPR,1253197.0,TB2_INF_StatusPressureMonitorControl,TB2_INF_Status Pressure Monitor Control,0,TB273,,2026-09-18 02:42:39.067,2026-09-18 02:43:35.980,125,PU
174535,992680953800,G1,100,2,285/40R21 1 (D222V):PWPR,1253197.0,TB2_INF_StatusPressureMonitorControl,TB2_INF_Status Pressure Monitor Control,0,TB274,,2026-09-18 02:42:39.067,2026-09-18 02:43:35.980,125,PU
174535,992680953800,G1,100,2,285/40R21 1 (D222V):PWPR,1253197.0,TB2_INF_StatusPressureMonitorControl,TB2_INF_Status Pressure Monitor Control,0,TB275,,2026-09-18 02:42:39.067,2026-09-18 02:43:35.980,125,PU
174535,992680953800,G1,100,2,285/40R21 1 (D222V):PWPR,1250544.0,TB2_SPR_StatusSprayingLayer5Position2,Bottom Layer Pos.2 (Future Function),1,TB284,,2026-09-18 02:42:39.067,2026-09-18 02:43:35.980,125,PU
174535,992680953800,G1,100,2,285/40R21 1 (D222V):PWPR,1250543.0,TB2_SPR_StatusSprayingLayer5Position1,Bottom Layer Pos.1 (Future Function),1,TB264,,2026-09-18 02:42:39.067,2026-09-18 02:43:35.980,125,PU
174535,992680953800,G1,100,2,285/40R21 1 (D222V):PWPR,1250171.0,TB2_CPL_SAPMaterialNumberHead1,SAP code,992540330300,TB284,,2026-09-18 02:42:39.067,2026-09-18 02:43:35.980,125,PU
174535,992680953800,G1,100,2,285/40R21 1 (D222V):PWPR,1250171.0,TB2_CPL_SAPMaterialNumberHead1,SAP code,992540330300,TB251,,2026-09-18 02:42:39.067,2026-09-18 02:43:35.980,125,PU
174535,992680953800,G1,100,2,285/40R21 1 (D222V):PWPR,1250171.0,TB2_CPL_SAPMaterialNumberHead1,SAP code,992540330300,TB252,,2026-09-18 02:42:39.067,2026-09-18 02:43:35.980,125,PU
174535,992680953800,G1,100,2,285/40R21 1 (D222V):PWPR,1250171.0,TB2_CPL_SAPMaterialNumberHead1,SAP code,992540330300,TB254,,2026-09-18 02:42:39.067,2026-09-18 02:43:35.980,125,PU
174535,992680953800,G1,100,2,285/40R21 1 (D222V):PWPR,1250171.0,TB2_CPL_SAPMaterialNumberHead1,SAP code,992540330300,TB261,,2026-09-18 02:42:39.067,2026-09-18 02:43:35.980,125,PU
174535,992680953800,G1,100,2,285/40R21 1 (D222V):PWPR,1250171.0,TB2_CPL_SAPMaterialNumberHead1,SAP code,992540330300,TB262,,2026-09-18 02:42:39.067,2026-09-18 02:43:35.980,125,PU
174535,992680953800,G1,100,2,285/40R21 1 (D222V):PWPR,1250171.0,TB2_CPL_SAPMaterialNumberHead1,SAP code,992540330300,TB263,,2026-09-18 02:42:39.067,2026-09-18 02:43:35.980,125,PU
174535,992680953800,G1,100,2,285/40R21 1 (D222V):PWPR,1250171.0,TB2_CPL_SAPMaterialNumberHead1,SAP code,992540330300,TB271,,2026-09-18 02:42:39.067,2026-09-18 02:43:35.980,125,PU
174535,992680953800,G1,100,2,285/40R21 1 (D222V):PWPR,1250171.0,TB2_CPL_SAPMaterialNumberHead1,SAP code,992540330300,TB272,,2026-09-18 02:42:39.067,2026-09-18 02:43:35.980,125,PU
174535,992680953800,G1,100,2,285/40R21 1 (D222V):PWPR,1250171.0,TB2_CPL_SAPMaterialNumberHead1,SAP code,992540330300,TB273,,2026-09-18 02:42:39.067,2026-09-18 02:43:35.980,125,PU
174535,992680953800,G1,100,2,285/40R21 1 (D222V):PWPR,1250171.0,TB2_CPL_SAPMaterialNumberHead1,SAP code,992540330300,TB274,,2026-09-18 02:42:39.067,2026-09-18 02:43:35.980,125,PU
174535,992680953800,G1,100,2,285/40R21 1 (D222V):PWPR,1250171.0,TB2_CPL_SAPMaterialNumberHead1,SAP code,992540330300,TB275,,2026-09-18 02:42:39.067,2026-09-18 02:43:35.980,125,PU
174535,992680953800,G1,100,2,285/40R21 1 (D222V):PWPR,1250171.0,TB2_CPL_SAPMaterialNumberHead1,SAP code,992540330300,TB276,,2026-09-18 02:42:39.067,2026-09-18 02:43:35.980,125,PU
174535,992680953800,G1,100,2,285/40R21 1 (D222V):PWPR,1250171.0,TB2_CPL_SAPMaterialNumberHead1,SAP code,992540330300,TB281,,2026-09-18 02:42:39.067,2026-09-18 02:43:35.980,125,PU
174535,992680953800,G1,100,2,285/40R21 1 (D222V):PWPR,1250171.0,TB2_CPL_SAPMaterialNumberHead1,SAP code,992540330300,TB282,,2026-09-18 02:42:39.067,2026-09-18 02:43:35.980,125,PU
174535,992680953800,G1,100,2,285/40R21 1 (D222V):PWPR,1250171.0,TB2_CPL_SAPMaterialNumberHead1,SAP code,992540330300,TB283,,2026-09-18 02:42:39.067,2026-09-18 02:43:35.980,125,PU
174535,992680953800,G1,100,2,285/40R21 1 (D222V):PWPR,1250171.0,TB2_CPL_SAPMaterialNumberHead1,SAP code,992540330300,TB285,,2026-09-18 02:42:39.067,2026-09-18 02:43:35.980,125,PU
174535,992680953800,G1,100,2,285/40R21 1 (D222V):PWPR,1250171.0,TB2_CPL_SAPMaterialNumberHead1,SAP code,992540330300,TB286,,2026-09-18 02:42:39.067,2026-09-18 02:43:35.980,125,PU
174535,992680953800,G1,100,2,285/40R21 1 (D222V):PWPR,1250171.0,TB2_CPL_SAPMaterialNumberHead1,SAP code,992540330300,TB264,,2026-09-18 02:42:39.067,2026-09-18 02:43:35.980,125,PU
174535,992680953800,G1,100,2,285/40R21 1 (D222V):PWPR,1250544.0,TB2_SPR_StatusSprayingLayer5Position2,Bottom Layer Pos.2 (Future Function),1,TB251,,2026-09-18 02:42:39.067,2026-09-18 02:43:35.980,125,PU
174535,992680953800,G1,100,2,285/40R21 1 (D222V):PWPR,1250544.0,TB2_SPR_StatusSprayingLayer5Position2,Bottom Layer Pos.2 (Future Function),1,TB252,,2026-09-18 02:42:39.067,2026-09-18 02:43:35.980,125,PU
174535,992680953800,G1,100,2,285/40R21 1 (D222V):PWPR,1250544.0,TB2_SPR_StatusSprayingLayer5Position2,Bottom Layer Pos.2 (Future Function),1,TB254,,2026-09-18 02:42:39.067,2026-09-18 02:43:35.980,125,PU
174535,992680953800,G1,100,2,285/40R21 1 (D222V):PWPR,1250544.0,TB2_SPR_StatusSprayingLayer5Position2,Bottom Layer Pos.2 (Future Function),1,TB283,,2026-09-18 02:42:39.067,2026-09-18 02:43:35.980,125,PU
174535,992680953800,G1,100,2,285/40R21 1 (D222V):PWPR,1253197.0,TB2_INF_StatusPressureMonitorControl,TB2_INF_Status Pressure Monitor Control,0,TB276,,2026-09-18 02:42:39.067,2026-09-18 02:43:35.980,125,PU
174535,992680953800,G1,100,2,285/40R21 1 (D222V):PWPR,1253197.0,TB2_INF_StatusPressureMonitorControl,TB2_INF_Status Pressure Monitor Control,0,TB281,,2026-09-18 02:42:39.067,2026-09-18 02:43:35.980,125,PU
174535,992680953800,G1,100,2,285/40R21 1 (D222V):PWPR,1253197.0,TB2_INF_StatusPressureMonitorControl,TB2_INF_Status Pressure Monitor Control,0,TB282,,2026-09-18 02:42:39.067,2026-09-18 02:43:35.980,125,PU
174535,992680953800,G1,100,2,285/40R21 1 (D222V):PWPR,1253197.0,TB2_INF_StatusPressureMonitorControl,TB2_INF_Status Pressure Monitor Control,0,TB283,,2026-09-18 02:42:39.067,2026-09-18 02:43:35.980,125,PU
174535,992680953800,G1,100,2,285/40R21 1 (D222V):PWPR,1253197.0,TB2_INF_StatusPressureMonitorControl,TB2_INF_Status Pressure Monitor Control,0,TB285,,2026-09-18 02:42:39.067,2026-09-18 02:43:35.980,125,PU
174535,992680953800,G1,100,2,285/40R21 1 (D222V):PWPR,1253197.0,TB2_INF_StatusPressureMonitorControl,TB2_INF_Status Pressure Monitor Control,0,TB286,,2026-09-18 02:42:39.067,2026-09-18 02:43:35.980,125,PU
174535,992680953800,G1,100,2,285/40R21 1 (D222V):PWPR,1253197.0,TB2_INF_StatusPressureMonitorControl,TB2_INF_Status Pressure Monitor Control,0,TB264,,2026-09-18 02:42:39.067,2026-09-18 02:43:35.980,125,PU
174535,992680953800,G1,100,2,285/40R21 1 (D222V):PWPR,1250544.0,TB2_SPR_StatusSprayingLayer5Position2,Bottom Layer Pos.2 (Future Function),1,TB286,,2026-09-18 02:42:39.067,2026-09-18 02:43:35.980,125,PU
174535,992680953800,G1,100,2,285/40R21 1 (D222V):PWPR,1250544.0,TB2_SPR_StatusSprayingLayer5Position2,Bottom Layer Pos.2 (Future Function),1,TB285,,2026-09-18 02:42:39.067,2026-09-18 02:43:35.980,125,PU
174535,992680953800,G1,100,2,285/40R21 1 (D222V):PWPR,1250544.0,TB2_SPR_StatusSprayingLayer5Position2,Bottom Layer Pos.2 (Future Function),1,TB282,,2026-09-18 02:42:39.067,2026-09-18 02:43:35.980,125,PU
174535,992680953800,G1,100,2,285/40R21 1 (D222V):PWPR,1250544.0,TB2_SPR_StatusSprayingLayer5Position2,Bottom Layer Pos.2 (Future Function),1,TB261,,2026-09-18 02:42:39.067,2026-09-18 02:43:35.980,125,PU
174535,992680953800,G1,100,2,285/40R21 1 (D222V):PWPR,1250544.0,TB2_SPR_StatusSprayingLayer5Position2,Bottom Layer Pos.2 (Future Function),1,TB281,,2026-09-18 02:42:39.067,2026-09-18 02:43:35.980,125,PU
174535,992680953800,G1,100,2,285/40R21 1 (D222V):PWPR,1250544.0,TB2_SPR_StatusSprayingLayer5Position2,Bottom Layer Pos.2 (Future Function),1,TB276,,2026-09-18 02:42:39.067,2026-09-18 02:43:35.980,125,PU
174535,992680953800,G1,100,2,285/40R21 1 (D222V):PWPR,1250544.0,TB2_SPR_StatusSprayingLayer5Position2,Bottom Layer Pos.2 (Future Function),1,TB275,,2026-09-18 02:42:39.067,2026-09-18 02:43:35.980,125,PU
174535,992680953800,G1,100,2,285/40R21 1 (D222V):PWPR,1250544.0,TB2_SPR_StatusSprayingLayer5Position2,Bottom Layer Pos.2 (Future Function),1,TB274,,2026-09-18 02:42:39.067,2026-09-18 02:43:35.980,125,PU
174535,992680953800,G1,100,2,285/40R21 1 (D222V):PWPR,1250544.0,TB2_SPR_StatusSprayingLayer5Position2,Bottom Layer Pos.2 (Future Function),1,TB273,,2026-09-18 02:42:39.067,2026-09-18 02:43:35.980,125,PU
174535,992680953800,G1,100,2,285/40R21 1 (D222V):PWPR,1250544.0,TB2_SPR_StatusSprayingLayer5Position2,Bottom Layer Pos.2 (Future Function),1,TB272,,2026-09-18 02:42:39.067,2026-09-18 02:43:35.980,125,PU
174535,992680953800,G1,100,2,285/40R21 1 (D222V):PWPR,1250544.0,TB2_SPR_StatusSprayingLayer5Position2,Bottom Layer Pos.2 (Future Function),1,TB271,,2026-09-18 02:42:39.067,2026-09-18 02:43:35.980,125,PU
174535,992680953800,G1,100,2,285/40R21 1 (D222V):PWPR,1250544.0,TB2_SPR_StatusSprayingLayer5Position2,Bottom Layer Pos.2 (Future Function),1,TB263,,2026-09-18 02:42:39.067,2026-09-18 02:43:35.980,125,PU
174535,992680953800,G1,100,2,285/40R21 1 (D222V):PWPR,1250544.0,TB2_SPR_StatusSprayingLayer5Position2,Bottom Layer Pos.2 (Future Function),1,TB262,,2026-09-18 02:42:39.067,2026-09-18 02:43:35.980,125,PU
174535,992680953800,G1,100,2,285/40R21 1 (D222V):PWPR,1250069.0,TB2_TR_StatusAtPositionWithBeltStitcher,Belt stitcher - position,0,TB283,,2026-09-18 02:42:39.067,2026-09-18 02:43:35.980,125,PU
174535,992680953800,G1,100,2,285/40R21 1 (D222V):PWPR,1250069.0,TB2_TR_StatusAtPositionWithBeltStitcher,Belt stitcher - position,0,TB282,,2026-09-18 02:42:39.067,2026-09-18 02:43:35.980,125,PU
174535,992680953800,G1,100,2,285/40R21 1 (D222V):PWPR,1250069.0,TB2_TR_StatusAtPositionWithBeltStitcher,Belt stitcher - position,0,TB281,,2026-09-18 02:42:39.067,2026-09-18 02:43:35.980,125,PU
174535,992680953800,G1,100,2,285/40R21 1 (D222V):PWPR,1251763.0,TB2_BL_NameMaterial,Material - BL (Spec card),MPR090,TB271,,2026-09-18 02:42:39.067,2026-09-18 02:43:35.980,125,PU
174535,992680953800,G1,100,2,285/40R21 1 (D222V):PWPR,1251763.0,TB2_BL_NameMaterial,Material - BL (Spec card),MPR090,TB273,,2026-09-18 02:42:39.067,2026-09-18 02:43:35.980,125,PU
174535,992680953800,G1,100,2,285/40R21 1 (D222V):PWPR,1251763.0,TB2_BL_NameMaterial,Material - BL (Spec card),MPR090,TB274,,2026-09-18 02:42:39.067,2026-09-18 02:43:35.980,125,PU
174535,992680953800,G1,100,2,285/40R21 1 (D222V):PWPR,1251763.0,TB2_BL_NameMaterial,Material - BL (Spec card),MPR090,TB275,,2026-09-18 02:42:39.067,2026-09-18 02:43:35.980,125,PU
174535,992680953800,G1,100,2,285/40R21 1 (D222V):PWPR,1251763.0,TB2_BL_NameMaterial,Material - BL (Spec card),MPR090,TB276,,2026-09-18 02:42:39.067,2026-09-18 02:43:35.980,125,PU
174535,992680953800,G1,100,2,285/40R21 1 (D222V):PWPR,1251763.0,TB2_BL_NameMaterial,Material - BL (Spec card),MPR090,TB281,,2026-09-18 02:42:39.067,2026-09-18 02:43:35.980,125,PU
174535,992680953800,G1,100,2,285/40R21 1 (D222V):PWPR,1251763.0,TB2_BL_NameMaterial,Material - BL (Spec card),MPR090,TB282,,2026-09-18 02:42:39.067,2026-09-18 02:43:35.980,125,PU
174535,992680953800,G1,100,2,285/40R21 1 (D222V):PWPR,1251763.0,TB2_BL_NameMaterial,Material - BL (Spec card),MPR090,TB283,,2026-09-18 02:42:39.067,2026-09-18 02:43:35.980,125,PU
174535,992680953800,G1,100,2,285/40R21 1 (D222V):PWPR,1251763.0,TB2_BL_NameMaterial,Material - BL (Spec card),MPR090,TB285,,2026-09-18 02:42:39.067,2026-09-18 02:43:35.980,125,PU
174535,992680953800,G1,100,2,285/40R21 1 (D222V):PWPR,1251763.0,TB2_BL_NameMaterial,Material - BL (Spec card),MPR090,TB286,,2026-09-18 02:42:39.067,2026-09-18 02:43:35.980,125,PU
174535,992680953800,G1,100,2,285/40R21 1 (D222V):PWPR,1251763.0,TB2_BL_NameMaterial,Material - BL (Spec card),MPR090,TB264,,2026-09-18 02:42:39.067,2026-09-18 02:43:35.980,125,PU
174535,992680953800,G1,100,2,285/40R21 1 (D222V):PWPR,1250168.0,TB2_CPL_StatusHead2,Winding head 2 active,1,TB285,,2026-09-18 02:42:39.067,2026-09-18 02:43:35.980,125,PU
174535,992680953800,G1,100,2,285/40R21 1 (D222V):PWPR,1250168.0,TB2_CPL_StatusHead2,Winding head 2 active,1,TB286,,2026-09-18 02:42:39.067,2026-09-18 02:43:35.980,125,PU
174535,992680953800,G1,100,2,285/40R21 1 (D222V):PWPR,1250168.0,TB2_CPL_StatusHead2,Winding head 2 active,1,TB264,,2026-09-18 02:42:39.067,2026-09-18 02:43:35.980,125,PU
174535,992680953800,G1,100,2,285/40R21 1 (D222V):PWPR,1250279.0,TB2_CPL_StatusVariableTension,Exponent,1,TB284,,2026-09-18 02:42:39.067,2026-09-18 02:43:35.980,125,PU
174535,992680953800,G1,100,2,285/40R21 1 (D222V):PWPR,1250279.0,TB2_CPL_StatusVariableTension,Exponent,1,TB251,,2026-09-18 02:42:39.067,2026-09-18 02:43:35.980,125,PU
174535,992680953800,G1,100,2,285/40R21 1 (D222V):PWPR,1250279.0,TB2_CPL_StatusVariableTension,Exponent,1,TB252,,2026-09-18 02:42:39.067,2026-09-18 02:43:35.980,125,PU
174535,992680953800,G1,100,2,285/40R21 1 (D222V):PWPR,1250279.0,TB2_CPL_StatusVariableTension,Exponent,1,TB254,,2026-09-18 02:42:39.067,2026-09-18 02:43:35.980,125,PU
174535,992680953800,G1,100,2,285/40R21 1 (D222V):PWPR,1250279.0,TB2_CPL_StatusVariableTension,Exponent,1,TB261,,2026-09-18 02:42:39.067,2026-09-18 02:43:35.980,125,PU
174535,992680953800,G1,100,2,285/40R21 1 (D222V):PWPR,1250279.0,TB2_CPL_StatusVariableTension,Exponent,1,TB262,,2026-09-18 02:42:39.067,2026-09-18 02:43:35.980,125,PU
174535,992680953800,G1,100,2,285/40R21 1 (D222V):PWPR,1250279.0,TB2_CPL_StatusVariableTension,Exponent,1,TB263,,2026-09-18 02:42:39.067,2026-09-18 02:43:35.980,125,PU
174535,992680953800,G1,100,2,285/40R21 1 (D222V):PWPR,1250279.0,TB2_CPL_StatusVariableTension,Exponent,1,TB271,,2026-09-18 02:42:39.067,2026-09-18 02:43:35.980,125,PU
174535,992680953800,G1,100,2,285/40R21 1 (D222V):PWPR,1251763.0,TB2_BL_NameMaterial,Material - BL (Spec card),MPR090,TB272,,2026-09-18 02:42:39.067,2026-09-18 02:43:35.980,125,PU
174535,992680953800,G1,100,2,285/40R21 1 (D222V):PWPR,1251763.0,TB2_BL_NameMaterial,Material - BL (Spec card),MPR090,TB263,,2026-09-18 02:42:39.067,2026-09-18 02:43:35.980,125,PU
174535,992680953800,G1,100,2,285/40R21 1 (D222V):PWPR,1250474.0,TB2_INF_Description (Spec card),TB2_INF_Description,285/40R21 1 (D222V):PWPR,TB251,,2026-09-18 02:42:39.067,2026-09-18 02:43:35.980,125,PU
174535,992680953800,G1,100,2,285/40R21 1 (D222V):PWPR,1251763.0,TB2_BL_NameMaterial,Material - BL (Spec card),MPR090,TB262,,2026-09-18 02:42:39.067,2026-09-18 02:43:35.980,125,PU
174535,992680953800,G1,100,2,285/40R21 1 (D222V):PWPR,1250474.0,TB2_INF_Description (Spec card),TB2_INF_Description,285/40R21 1 (D222V):PWPR,TB254,,2026-09-18 02:42:39.067,2026-09-18 02:43:35.980,125,PU
174535,992680953800,G1,100,2,285/40R21 1 (D222V):PWPR,1250474.0,TB2_INF_Description (Spec card),TB2_INF_Description,285/40R21 1 (D222V):PWPR,TB261,,2026-09-18 02:42:39.067,2026-09-18 02:43:35.980,125,PU
174535,992680953800,G1,100,2,285/40R21 1 (D222V):PWPR,1250474.0,TB2_INF_Description (Spec card),TB2_INF_Description,285/40R21 1 (D222V):PWPR,TB262,,2026-09-18 02:42:39.067,2026-09-18 02:43:35.980,125,PU
174535,992680953800,G1,100,2,285/40R21 1 (D222V):PWPR,1250474.0,TB2_INF_Description (Spec card),TB2_INF_Description,285/40R21 1 (D222V):PWPR,TB263,,2026-09-18 02:42:39.067,2026-09-18 02:43:35.980,125,PU
174535,992680953800,G1,100,2,285/40R21 1 (D222V):PWPR,1250474.0,TB2_INF_Description (Spec card),TB2_INF_Description,285/40R21 1 (D222V):PWPR,TB271,,2026-09-18 02:42:39.067,2026-09-18 02:43:35.980,125,PU
174535,992680953800,G1,100,2,285/40R21 1 (D222V):PWPR,1250474.0,TB2_INF_Description (Spec card),TB2_INF_Description,285/40R21 1 (D222V):PWPR,TB272,,2026-09-18 02:42:39.067,2026-09-18 02:43:35.980,125,PU
174535,992680953800,G1,100,2,285/40R21 1 (D222V):PWPR,1250474.0,TB2_INF_Description (Spec card),TB2_INF_Description,285/40R21 1 (D222V):PWPR,TB273,,2026-09-18 02:42:39.067,2026-09-18 02:43:35.980,125,PU
174535,992680953800,G1,100,2,285/40R21 1 (D222V):PWPR,1250474.0,TB2_INF_Description (Spec card),TB2_INF_Description,285/40R21 1 (D222V):PWPR,TB274,,2026-09-18 02:42:39.067,2026-09-18 02:43:35.980,125,PU
174535,992680953800,G1,100,2,285/40R21 1 (D222V):PWPR,1250474.0,TB2_INF_Description (Spec card),TB2_INF_Description,285/40R21 1 (D222V):PWPR,TB275,,2026-09-18 02:42:39.067,2026-09-18 02:43:35.980,125,PU
174535,992680953800,G1,100,2,285/40R21 1 (D222V):PWPR,1250474.0,TB2_INF_Description (Spec card),TB2_INF_Description,285/40R21 1 (D222V):PWPR,TB276,,2026-09-18 02:42:39.067,2026-09-18 02:43:35.980,125,PU
174535,992680953800,G1,100,2,285/40R21 1 (D222V):PWPR,1250474.0,TB2_INF_Description (Spec card),TB2_INF_Description,285/40R21 1 (D222V):PWPR,TB281,,2026-09-18 02:42:39.067,2026-09-18 02:43:35.980,125,PU
174535,992680953800,G1,100,2,285/40R21 1 (D222V):PWPR,1250474.0,TB2_INF_Description (Spec card),TB2_INF_Description,285/40R21 1 (D222V):PWPR,TB282,,2026-09-18 02:42:39.067,2026-09-18 02:43:35.980,125,PU
174535,992680953800,G1,100,2,285/40R21 1 (D222V):PWPR,1250474.0,TB2_INF_Description (Spec card),TB2_INF_Description,285/40R21 1 (D222V):PWPR,TB283,,2026-09-18 02:42:39.067,2026-09-18 02:43:35.980,125,PU
174535,992680953800,G1,100,2,285/40R21 1 (D222V):PWPR,1250474.0,TB2_INF_Description (Spec card),TB2_INF_Description,285/40R21 1 (D222V):PWPR,TB285,,2026-09-18 02:42:39.067,2026-09-18 02:43:35.980,125,PU
174535,992680953800,G1,100,2,285/40R21 1 (D222V):PWPR,1250474.0,TB2_INF_Description (Spec card),TB2_INF_Description,285/40R21 1 (D222V):PWPR,TB286,,2026-09-18 02:42:39.067,2026-09-18 02:43:35.980,125,PU
174535,992680953800,G1,100,2,285/40R21 1 (D222V):PWPR,1250474.0,TB2_INF_Description (Spec card),TB2_INF_Description,285/40R21 1 (D222V):PWPR,TB264,,2026-09-18 02:42:39.067,2026-09-18 02:43:35.980,125,PU
174535,992680953800,G1,100,2,285/40R21 1 (D222V):PWPR,1251763.0,TB2_BL_NameMaterial,Material - BL (Spec card),MPR090,TB284,,2026-09-18 02:42:39.067,2026-09-18 02:43:35.980,125,PU
174535,992680953800,G1,100,2,285/40R21 1 (D222V):PWPR,1251763.0,TB2_BL_NameMaterial,Material - BL (Spec card),MPR090,TB251,,2026-09-18 02:42:39.067,2026-09-18 02:43:35.980,125,PU
174535,992680953800,G1,100,2,285/40R21 1 (D222V):PWPR,1251763.0,TB2_BL_NameMaterial,Material - BL (Spec card),MPR090,TB252,,2026-09-18 02:42:39.067,2026-09-18 02:43:35.980,125,PU
174535,992680953800,G1,100,2,285/40R21 1 (D222V):PWPR,1251763.0,TB2_BL_NameMaterial,Material - BL (Spec card),MPR090,TB254,,2026-09-18 02:42:39.067,2026-09-18 02:43:35.980,125,PU
174535,992680953800,G1,100,2,285/40R21 1 (D222V):PWPR,1251763.0,TB2_BL_NameMaterial,Material - BL (Spec card),MPR090,TB261,,2026-09-18 02:42:39.067,2026-09-18 02:43:35.980,125,PU
174535,992680953800,G1,100,2,285/40R21 1 (D222V):PWPR,1250279.0,TB2_CPL_StatusVariableTension,Exponent,1,TB272,,2026-09-18 02:42:39.067,2026-09-18 02:43:35.980,125,PU
174535,992680953800,G1,100,2,285/40R21 1 (D222V):PWPR,1250279.0,TB2_CPL_StatusVariableTension,Exponent,1,TB273,,2026-09-18 02:42:39.067,2026-09-18 02:43:35.980,125,PU
174535,992680953800,G1,100,2,285/40R21 1 (D222V):PWPR,1250279.0,TB2_CPL_StatusVariableTension,Exponent,1,TB274,,2026-09-18 02:42:39.067,2026-09-18 02:43:35.980,125,PU
174535,992680953800,G1,100,2,285/40R21 1 (D222V):PWPR,1250279.0,TB2_CPL_StatusVariableTension,Exponent,1,TB275,,2026-09-18 02:42:39.067,2026-09-18 02:43:35.980,125,PU
174535,992680953800,G1,100,2,285/40R21 1 (D222V):PWPR,1251764.0,TB2_BL_OrientationCord,Orientation - BL,R,TB251,,2026-09-18 02:42:39.067,2026-09-18 02:43:35.980,125,PU
174535,992680953800,G1,100,2,285/40R21 1 (D222V):PWPR,1251764.0,TB2_BL_OrientationCord,Orientation - BL,R,TB252,,2026-09-18 02:42:39.067,2026-09-18 02:43:35.980,125,PU
174535,992680953800,G1,100,2,285/40R21 1 (D222V):PWPR,1251764.0,TB2_BL_OrientationCord,Orientation - BL,R,TB254,,2026-09-18 02:42:39.067,2026-09-18 02:43:35.980,125,PU
174535,992680953800,G1,100,2,285/40R21 1 (D222V):PWPR,1251764.0,TB2_BL_OrientationCord,Orientation - BL,R,TB261,,2026-09-18 02:42:39.067,2026-09-18 02:43:35.980,125,PU
174535,992680953800,G1,100,2,285/40R21 1 (D222V):PWPR,1251764.0,TB2_BL_OrientationCord,Orientation - BL,R,TB262,,2026-09-18 02:42:39.067,2026-09-18 02:43:35.980,125,PU
174535,992680953800,G1,100,2,285/40R21 1 (D222V):PWPR,1251764.0,TB2_BL_OrientationCord,Orientation - BL,R,TB263,,2026-09-18 02:42:39.067,2026-09-18 02:43:35.980,125,PU
174535,992680953800,G1,100,2,285/40R21 1 (D222V):PWPR,1251764.0,TB2_BL_OrientationCord,Orientation - BL,R,TB271,,2026-09-18 02:42:39.067,2026-09-18 02:43:35.980,125,PU
174535,992680953800,G1,100,2,285/40R21 1 (D222V):PWPR,1251764.0,TB2_BL_OrientationCord,Orientation - BL,R,TB272,,2026-09-18 02:42:39.067,2026-09-18 02:43:35.980,125,PU
174535,992680953800,G1,100,2,285/40R21 1 (D222V):PWPR,1251764.0,TB2_BL_OrientationCord,Orientation - BL,R,TB273,,2026-09-18 02:42:39.067,2026-09-18 02:43:35.980,125,PU
174535,992680953800,G1,100,2,285/40R21 1 (D222V):PWPR,1251764.0,TB2_BL_OrientationCord,Orientation - BL,R,TB274,,2026-09-18 02:42:39.067,2026-09-18 02:43:35.980,125,PU
174535,992680953800,G1,100,2,285/40R21 1 (D222V):PWPR,1251764.0,TB2_BL_OrientationCord,Orientation - BL,R,TB275,,2026-09-18 02:42:39.067,2026-09-18 02:43:35.980,125,PU
174535,992680953800,G1,100,2,285/40R21 1 (D222V):PWPR,1251764.0,TB2_BL_OrientationCord,Orientation - BL,R,TB281,,2026-09-18 02:42:39.067,2026-09-18 02:43:35.980,125,PU
174535,992680953800,G1,100,2,285/40R21 1 (D222V):PWPR,1251764.0,TB2_BL_OrientationCord,Orientation - BL,R,TB282,,2026-09-18 02:42:39.067,2026-09-18 02:43:35.980,125,PU
174535,992680953800,G1,100,2,285/40R21 1 (D222V):PWPR,1251764.0,TB2_BL_OrientationCord,Orientation - BL,R,TB283,,2026-09-18 02:42:39.067,2026-09-18 02:43:35.980,125,PU
174535,992680953800,G1,100,2,285/40R21 1 (D222V):PWPR,1251764.0,TB2_BL_OrientationCord,Orientation - BL,R,TB285,,2026-09-18 02:42:39.067,2026-09-18 02:43:35.980,125,PU
174535,992680953800,G1,100,2,285/40R21 1 (D222V):PWPR,1251764.0,TB2_BL_OrientationCord,Orientation - BL,R,TB286,,2026-09-18 02:42:39.067,2026-09-18 02:43:35.980,125,PU
174535,992680953800,G1,100,2,285/40R21 1 (D222V):PWPR,1251764.0,TB2_BL_OrientationCord,Orientation - BL,R,TB264,,2026-09-18 02:42:39.067,2026-09-18 02:43:35.980,125,PU
174535,992680953800,G1,100,2,285/40R21 1 (D222V):PWPR,1251759.0,TB2_BL_ColorMarkingPosition1,Color Position 1 - BL (Spec card),R,TB284,,2026-09-18 02:42:39.067,2026-09-18 02:43:35.980,125,PU
174535,992680953800,G1,100,2,285/40R21 1 (D222V):PWPR,1251759.0,TB2_BL_ColorMarkingPosition1,Color Position 1 - BL (Spec card),R,TB251,,2026-09-18 02:42:39.067,2026-09-18 02:43:35.980,125,PU
174535,992680953800,G1,100,2,285/40R21 1 (D222V):PWPR,1251759.0,TB2_BL_ColorMarkingPosition1,Color Position 1 - BL (Spec card),R,TB252,,2026-09-18 02:42:39.067,2026-09-18 02:43:35.980,125,PU
174535,992680953800,G1,100,2,285/40R21 1 (D222V):PWPR,1251759.0,TB2_BL_ColorMarkingPosition1,Color Position 1 - BL (Spec card),R,TB254,,2026-09-18 02:42:39.067,2026-09-18 02:43:35.980,125,PU
174535,992680953800,G1,100,2,285/40R21 1 (D222V):PWPR,1251764.0,TB2_BL_OrientationCord,Orientation - BL,R,TB284,,2026-09-18 02:42:39.067,2026-09-18 02:43:35.980,125,PU
174535,992680953800,G1,100,2,285/40R21 1 (D222V):PWPR,1250539.0,TB2_SPR_StatusSprayingLayer4Position1,4th Layer Pos.1 (Future Function),1,TB264,,2026-09-18 02:42:39.067,2026-09-18 02:43:35.980,125,PU
174535,992680953800,G1,100,2,285/40R21 1 (D222V):PWPR,1250540.0,TB2_SPR_StatusSprayingLayer4Position2,4th Layer Pos.2 (Future Function),1,TB284,,2026-09-18 02:42:39.067,2026-09-18 02:43:35.980,125,PU
174535,992680953800,G1,100,2,285/40R21 1 (D222V):PWPR,1250540.0,TB2_SPR_StatusSprayingLayer4Position2,4th Layer Pos.2 (Future Function),1,TB276,,2026-09-18 02:42:39.067,2026-09-18 02:43:35.980,125,PU
174535,992680953800,G1,100,2,285/40R21 1 (D222V):PWPR,1250279.0,TB2_CPL_StatusVariableTension,Exponent,1,TB276,,2026-09-18 02:42:39.067,2026-09-18 02:43:35.980,125,PU
174535,992680953800,G1,100,2,285/40R21 1 (D222V):PWPR,1250279.0,TB2_CPL_StatusVariableTension,Exponent,1,TB281,,2026-09-18 02:42:39.067,2026-09-18 02:43:35.980,125,PU
174535,992680953800,G1,100,2,285/40R21 1 (D222V):PWPR,1250279.0,TB2_CPL_StatusVariableTension,Exponent,1,TB282,,2026-09-18 02:42:39.067,2026-09-18 02:43:35.980,125,PU
174535,992680953800,G1,100,2,285/40R21 1 (D222V):PWPR,1250540.0,TB2_SPR_StatusSprayingLayer4Position2,4th Layer Pos.2 (Future Function),1,TB264,,2026-09-18 02:42:39.067,2026-09-18 02:43:35.980,125,PU
174535,992680953800,G1,100,2,285/40R21 1 (D222V):PWPR,1250540.0,TB2_SPR_StatusSprayingLayer4Position2,4th Layer Pos.2 (Future Function),1,TB286,,2026-09-18 02:42:39.067,2026-09-18 02:43:35.980,125,PU
174535,992680953800,G1,100,2,285/40R21 1 (D222V):PWPR,1250540.0,TB2_SPR_StatusSprayingLayer4Position2,4th Layer Pos.2 (Future Function),1,TB285,,2026-09-18 02:42:39.067,2026-09-18 02:43:35.980,125,PU
174535,992680953800,G1,100,2,285/40R21 1 (D222V):PWPR,1250540.0,TB2_SPR_StatusSprayingLayer4Position2,4th Layer Pos.2 (Future Function),1,TB283,,2026-09-18 02:42:39.067,2026-09-18 02:43:35.980,125,PU
174535,992680953800,G1,100,2,285/40R21 1 (D222V):PWPR,1250540.0,TB2_SPR_StatusSprayingLayer4Position2,4th Layer Pos.2 (Future Function),1,TB282,,2026-09-18 02:42:39.067,2026-09-18 02:43:35.980,125,PU
174535,992680953800,G1,100,2,285/40R21 1 (D222V):PWPR,1250540.0,TB2_SPR_StatusSprayingLayer4Position2,4th Layer Pos.2 (Future Function),1,TB281,,2026-09-18 02:42:39.067,2026-09-18 02:43:35.980,125,PU
174535,992680953800,G1,100,2,285/40R21 1 (D222V):PWPR,1250540.0,TB2_SPR_StatusSprayingLayer4Position2,4th Layer Pos.2 (Future Function),1,TB275,,2026-09-18 02:42:39.067,2026-09-18 02:43:35.980,125,PU
174535,992680953800,G1,100,2,285/40R21 1 (D222V):PWPR,1250540.0,TB2_SPR_StatusSprayingLayer4Position2,4th Layer Pos.2 (Future Function),1,TB251,,2026-09-18 02:42:39.067,2026-09-18 02:43:35.980,125,PU
174535,992680953800,G1,100,2,285/40R21 1 (D222V):PWPR,1250540.0,TB2_SPR_StatusSprayingLayer4Position2,4th Layer Pos.2 (Future Function),1,TB274,,2026-09-18 02:42:39.067,2026-09-18 02:43:35.980,125,PU
174535,992680953800,G1,100,2,285/40R21 1 (D222V):PWPR,1250540.0,TB2_SPR_StatusSprayingLayer4Position2,4th Layer Pos.2 (Future Function),1,TB273,,2026-09-18 02:42:39.067,2026-09-18 02:43:35.980,125,PU
174535,992680953800,G1,100,2,285/40R21 1 (D222V):PWPR,1250540.0,TB2_SPR_StatusSprayingLayer4Position2,4th Layer Pos.2 (Future Function),1,TB272,,2026-09-18 02:42:39.067,2026-09-18 02:43:35.980,125,PU
174535,992680953800,G1,100,2,285/40R21 1 (D222V):PWPR,1250540.0,TB2_SPR_StatusSprayingLayer4Position2,4th Layer Pos.2 (Future Function),1,TB271,,2026-09-18 02:42:39.067,2026-09-18 02:43:35.980,125,PU
174535,992680953800,G1,100,2,285/40R21 1 (D222V):PWPR,1250540.0,TB2_SPR_StatusSprayingLayer4Position2,4th Layer Pos.2 (Future Function),1,TB263,,2026-09-18 02:42:39.067,2026-09-18 02:43:35.980,125,PU
174535,992680953800,G1,100,2,285/40R21 1 (D222V):PWPR,1250540.0,TB2_SPR_StatusSprayingLayer4Position2,4th Layer Pos.2 (Future Function),1,TB262,,2026-09-18 02:42:39.067,2026-09-18 02:43:35.980,125,PU
174535,992680953800,G1,100,2,285/40R21 1 (D222V):PWPR,1250540.0,TB2_SPR_StatusSprayingLayer4Position2,4th Layer Pos.2 (Future Function),1,TB261,,2026-09-18 02:42:39.067,2026-09-18 02:43:35.980,125,PU
174535,992680953800,G1,100,2,285/40R21 1 (D222V):PWPR,1250540.0,TB2_SPR_StatusSprayingLayer4Position2,4th Layer Pos.2 (Future Function),1,TB254,,2026-09-18 02:42:39.067,2026-09-18 02:43:35.980,125,PU
174535,992680953800,G1,100,2,285/40R21 1 (D222V):PWPR,1250540.0,TB2_SPR_StatusSprayingLayer4Position2,4th Layer Pos.2 (Future Function),1,TB252,,2026-09-18 02:42:39.067,2026-09-18 02:43:35.980,125,PU
174535,992680953800,G1,100,2,285/40R21 1 (D222V):PWPR,1250474.0,TB2_INF_Description (Spec card),TB2_INF_Description,285/40R21 1 (D222V):PWPR,TB252,,2026-09-18 02:42:39.067,2026-09-18 02:43:35.980,125,PU
174535,992680953800,G1,100,2,285/40R21 1 (D222V):PWPR,1250474.0,TB2_INF_Description (Spec card),TB2_INF_Description,285/40R21 1 (D222V):PWPR,TB284,,2026-09-18 02:42:39.067,2026-09-18 02:43:35.980,125,PU
174535,992680953800,G1,100,2,285/40R21 1 (D222V):PWPR,1250069.0,TB2_TR_StatusAtPositionWithBeltStitcher,Belt stitcher - position,0,TB276,,2026-09-18 02:42:39.067,2026-09-18 02:43:35.980,125,PU
174535,992680953800,G1,100,2,285/40R21 1 (D222V):PWPR,1250028.0,TB2_INF_CodeGreenTire,Green Tire code (Spec card),520000*OSN,TB254,,2026-09-18 02:42:39.067,2026-09-18 02:43:35.980,125,PU
174535,992680953800,G1,100,2,285/40R21 1 (D222V):PWPR,1250028.0,TB2_INF_CodeGreenTire,Green Tire code (Spec card),520000*OSN,TB262,,2026-09-18 02:42:39.067,2026-09-18 02:43:35.980,125,PU
174535,992680953800,G1,100,2,285/40R21 1 (D222V):PWPR,1250028.0,TB2_INF_CodeGreenTire,Green Tire code (Spec card),520000*OSN,TB263,,2026-09-18 02:42:39.067,2026-09-18 02:43:35.980,125,PU
174535,992680953800,G1,100,2,285/40R21 1 (D222V):PWPR,1250028.0,TB2_INF_CodeGreenTire,Green Tire code (Spec card),520000*OSN,TB271,,2026-09-18 02:42:39.067,2026-09-18 02:43:35.980,125,PU
174535,992680953800,G1,100,2,285/40R21 1 (D222V):PWPR,1250028.0,TB2_INF_CodeGreenTire,Green Tire code (Spec card),520000*OSN,TB272,,2026-09-18 02:42:39.067,2026-09-18 02:43:35.980,125,PU
174535,992680953800,G1,100,2,285/40R21 1 (D222V):PWPR,1250028.0,TB2_INF_CodeGreenTire,Green Tire code (Spec card),520000*OSN,TB273,,2026-09-18 02:42:39.067,2026-09-18 02:43:35.980,125,PU
174535,992680953800,G1,100,2,285/40R21 1 (D222V):PWPR,1250028.0,TB2_INF_CodeGreenTire,Green Tire code (Spec card),520000*OSN,TB274,,2026-09-18 02:42:39.067,2026-09-18 02:43:35.980,125,PU
174535,992680953800,G1,100,2,285/40R21 1 (D222V):PWPR,1250028.0,TB2_INF_CodeGreenTire,Green Tire code (Spec card),520000*OSN,TB275,,2026-09-18 02:42:39.067,2026-09-18 02:43:35.980,125,PU
174535,992680953800,G1,100,2,285/40R21 1 (D222V):PWPR,1250028.0,TB2_INF_CodeGreenTire,Green Tire code (Spec card),520000*OSN,TB276,,2026-09-18 02:42:39.067,2026-09-18 02:43:35.980,125,PU
174535,992680953800,G1,100,2,285/40R21 1 (D222V):PWPR,1250028.0,TB2_INF_CodeGreenTire,Green Tire code (Spec card),520000*OSN,TB281,,2026-09-18 02:42:39.067,2026-09-18 02:43:35.980,125,PU
174535,992680953800,G1,100,2,285/40R21 1 (D222V):PWPR,1250028.0,TB2_INF_CodeGreenTire,Green Tire code (Spec card),520000*OSN,TB282,,2026-09-18 02:42:39.067,2026-09-18 02:43:35.980,125,PU
174535,992680953800,G1,100,2,285/40R21 1 (D222V):PWPR,1250028.0,TB2_INF_CodeGreenTire,Green Tire code (Spec card),520000*OSN,TB283,,2026-09-18 02:42:39.067,2026-09-18 02:43:35.980,125,PU
174535,992680953800,G1,100,2,285/40R21 1 (D222V):PWPR,1250028.0,TB2_INF_CodeGreenTire,Green Tire code (Spec card),520000*OSN,TB285,,2026-09-18 02:42:39.067,2026-09-18 02:43:35.980,125,PU
174535,992680953800,G1,100,2,285/40R21 1 (D222V):PWPR,1250028.0,TB2_INF_CodeGreenTire,Green Tire code (Spec card),520000*OSN,TB286,,2026-09-18 02:42:39.067,2026-09-18 02:43:35.980,125,PU
174535,992680953800,G1,100,2,285/40R21 1 (D222V):PWPR,1250028.0,TB2_INF_CodeGreenTire,Green Tire code (Spec card),520000*OSN,TB264,,2026-09-18 02:42:39.067,2026-09-18 02:43:35.980,125,PU
174535,992680953800,G1,100,2,285/40R21 1 (D222V):PWPR,1250606.0,TB2_INF_UUHP,UUHP,N,TB284,,2026-09-18 02:42:39.067,2026-09-18 02:43:35.980,125,PU
174535,992680953800,G1,100,2,285/40R21 1 (D222V):PWPR,1250606.0,TB2_INF_UUHP,UUHP,N,TB251,,2026-09-18 02:42:39.067,2026-09-18 02:43:35.980,125,PU
174535,992680953800,G1,100,2,285/40R21 1 (D222V):PWPR,1250606.0,TB2_INF_UUHP,UUHP,N,TB252,,2026-09-18 02:42:39.067,2026-09-18 02:43:35.980,125,PU
174535,992680953800,G1,100,2,285/40R21 1 (D222V):PWPR,1250606.0,TB2_INF_UUHP,UUHP,N,TB254,,2026-09-18 02:42:39.067,2026-09-18 02:43:35.980,125,PU
174535,992680953800,G1,100,2,285/40R21 1 (D222V):PWPR,1250606.0,TB2_INF_UUHP,UUHP,N,TB261,,2026-09-18 02:42:39.067,2026-09-18 02:43:35.980,125,PU
174535,992680953800,G1,100,2,285/40R21 1 (D222V):PWPR,1250606.0,TB2_INF_UUHP,UUHP,N,TB262,,2026-09-18 02:42:39.067,2026-09-18 02:43:35.980,125,PU
174535,992680953800,G1,100,2,285/40R21 1 (D222V):PWPR,1250606.0,TB2_INF_UUHP,UUHP,N,TB263,,2026-09-18 02:42:39.067,2026-09-18 02:43:35.980,125,PU
174535,992680953800,G1,100,2,285/40R21 1 (D222V):PWPR,1250028.0,TB2_INF_CodeGreenTire,Green Tire code (Spec card),520000*OSN,TB261,,2026-09-18 02:42:39.067,2026-09-18 02:43:35.980,125,PU
174535,992680953800,G1,100,2,285/40R21 1 (D222V):PWPR,1250028.0,TB2_INF_CodeGreenTire,Green Tire code (Spec card),520000*OSN,TB252,,2026-09-18 02:42:39.067,2026-09-18 02:43:35.980,125,PU
174535,992680953800,G1,100,2,285/40R21 1 (D222V):PWPR,1250168.0,TB2_CPL_StatusHead2,Winding head 2 active,1,TB283,,2026-09-18 02:42:39.067,2026-09-18 02:43:35.980,125,PU
174535,992680953800,G1,100,2,285/40R21 1 (D222V):PWPR,1250028.0,TB2_INF_CodeGreenTire,Green Tire code (Spec card),520000*OSN,TB251,,2026-09-18 02:42:39.067,2026-09-18 02:43:35.980,125,PU
174535,992680953800,G1,100,2,285/40R21 1 (D222V):PWPR,1250542.0,TB2_SPR_StatusSprayingLayer4Position4,4th Layer Pos.4 (Future Function),1,TB264,,2026-09-18 02:42:39.067,2026-09-18 02:43:35.980,125,PU
174535,992680953800,G1,100,2,285/40R21 1 (D222V):PWPR,1250542.0,TB2_SPR_StatusSprayingLayer4Position4,4th Layer Pos.4 (Future Function),1,TB286,,2026-09-18 02:42:39.067,2026-09-18 02:43:35.980,125,PU
174535,992680953800,G1,100,2,285/40R21 1 (D222V):PWPR,1250542.0,TB2_SPR_StatusSprayingLayer4Position4,4th Layer Pos.4 (Future Function),1,TB285,,2026-09-18 02:42:39.067,2026-09-18 02:43:35.980,125,PU
174535,992680953800,G1,100,2,285/40R21 1 (D222V):PWPR,1250542.0,TB2_SPR_StatusSprayingLayer4Position4,4th Layer Pos.4 (Future Function),1,TB283,,2026-09-18 02:42:39.067,2026-09-18 02:43:35.980,125,PU
174535,992680953800,G1,100,2,285/40R21 1 (D222V):PWPR,1250542.0,TB2_SPR_StatusSprayingLayer4Position4,4th Layer Pos.4 (Future Function),1,TB282,,2026-09-18 02:42:39.067,2026-09-18 02:43:35.980,125,PU
174535,992680953800,G1,100,2,285/40R21 1 (D222V):PWPR,1250542.0,TB2_SPR_StatusSprayingLayer4Position4,4th Layer Pos.4 (Future Function),1,TB281,,2026-09-18 02:42:39.067,2026-09-18 02:43:35.980,125,PU
174535,992680953800,G1,100,2,285/40R21 1 (D222V):PWPR,1250542.0,TB2_SPR_StatusSprayingLayer4Position4,4th Layer Pos.4 (Future Function),1,TB276,,2026-09-18 02:42:39.067,2026-09-18 02:43:35.980,125,PU
174535,992680953800,G1,100,2,285/40R21 1 (D222V):PWPR,1250542.0,TB2_SPR_StatusSprayingLayer4Position4,4th Layer Pos.4 (Future Function),1,TB275,,2026-09-18 02:42:39.067,2026-09-18 02:43:35.980,125,PU
174535,992680953800,G1,100,2,285/40R21 1 (D222V):PWPR,1250542.0,TB2_SPR_StatusSprayingLayer4Position4,4th Layer Pos.4 (Future Function),1,TB274,,2026-09-18 02:42:39.067,2026-09-18 02:43:35.980,125,PU
174535,992680953800,G1,100,2,285/40R21 1 (D222V):PWPR,1250542.0,TB2_SPR_StatusSprayingLayer4Position4,4th Layer Pos.4 (Future Function),1,TB273,,2026-09-18 02:42:39.067,2026-09-18 02:43:35.980,125,PU
174535,992680953800,G1,100,2,285/40R21 1 (D222V):PWPR,1250542.0,TB2_SPR_StatusSprayingLayer4Position4,4th Layer Pos.4 (Future Function),1,TB272,,2026-09-18 02:42:39.067,2026-09-18 02:43:35.980,125,PU
174535,992680953800,G1,100,2,285/40R21 1 (D222V):PWPR,1250542.0,TB2_SPR_StatusSprayingLayer4Position4,4th Layer Pos.4 (Future Function),1,TB271,,2026-09-18 02:42:39.067,2026-09-18 02:43:35.980,125,PU
174535,992680953800,G1,100,2,285/40R21 1 (D222V):PWPR,1250542.0,TB2_SPR_StatusSprayingLayer4Position4,4th Layer Pos.4 (Future Function),1,TB263,,2026-09-18 02:42:39.067,2026-09-18 02:43:35.980,125,PU
174535,992680953800,G1,100,2,285/40R21 1 (D222V):PWPR,1250542.0,TB2_SPR_StatusSprayingLayer4Position4,4th Layer Pos.4 (Future Function),1,TB262,,2026-09-18 02:42:39.067,2026-09-18 02:43:35.980,125,PU
174535,992680953800,G1,100,2,285/40R21 1 (D222V):PWPR,1250542.0,TB2_SPR_StatusSprayingLayer4Position4,4th Layer Pos.4 (Future Function),1,TB261,,2026-09-18 02:42:39.067,2026-09-18 02:43:35.980,125,PU
174535,992680953800,G1,100,2,285/40R21 1 (D222V):PWPR,1250542.0,TB2_SPR_StatusSprayingLayer4Position4,4th Layer Pos.4 (Future Function),1,TB254,,2026-09-18 02:42:39.067,2026-09-18 02:43:35.980,125,PU
174535,992680953800,G1,100,2,285/40R21 1 (D222V):PWPR,1250542.0,TB2_SPR_StatusSprayingLayer4Position4,4th Layer Pos.4 (Future Function),1,TB252,,2026-09-18 02:42:39.067,2026-09-18 02:43:35.980,125,PU
174535,992680953800,G1,100,2,285/40R21 1 (D222V):PWPR,1250542.0,TB2_SPR_StatusSprayingLayer4Position4,4th Layer Pos.4 (Future Function),1,TB251,,2026-09-18 02:42:39.067,2026-09-18 02:43:35.980,125,PU
174535,992680953800,G1,100,2,285/40R21 1 (D222V):PWPR,1250542.0,TB2_SPR_StatusSprayingLayer4Position4,4th Layer Pos.4 (Future Function),1,TB284,,2026-09-18 02:42:39.067,2026-09-18 02:43:35.980,125,PU
174535,992680953800,G1,100,2,285/40R21 1 (D222V):PWPR,1250541.0,TB2_SPR_StatusSprayingLayer4Position3,4th Layer Pos.3 (Future Function),1,TB264,,2026-09-18 02:42:39.067,2026-09-18 02:43:35.980,125,PU
174535,992680953800,G1,100,2,285/40R21 1 (D222V):PWPR,1250028.0,TB2_INF_CodeGreenTire,Green Tire code (Spec card),520000*OSN,TB284,,2026-09-18 02:42:39.067,2026-09-18 02:43:35.980,125,PU
174535,992680953800,G1,100,2,285/40R21 1 (D222V):PWPR,1250606.0,TB2_INF_UUHP,UUHP,N,TB271,,2026-09-18 02:42:39.067,2026-09-18 02:43:35.980,125,PU
174535,992680953800,G1,100,2,285/40R21 1 (D222V):PWPR,1250606.0,TB2_INF_UUHP,UUHP,N,TB272,,2026-09-18 02:42:39.067,2026-09-18 02:43:35.980,125,PU
174535,992680953800,G1,100,2,285/40R21 1 (D222V):PWPR,1250606.0,TB2_INF_UUHP,UUHP,N,TB273,,2026-09-18 02:42:39.067,2026-09-18 02:43:35.980,125,PU
174535,992680953800,G1,100,2,285/40R21 1 (D222V):PWPR,1250606.0,TB2_INF_UUHP,UUHP,N,TB274,,2026-09-18 02:42:39.067,2026-09-18 02:43:35.980,125,PU
174535,992680953800,G1,100,2,285/40R21 1 (D222V):PWPR,1250541.0,TB2_SPR_StatusSprayingLayer4Position3,4th Layer Pos.3 (Future Function),1,TB251,,2026-09-18 02:42:39.067,2026-09-18 02:43:35.980,125,PU
174535,992680953800,G1,100,2,285/40R21 1 (D222V):PWPR,1250541.0,TB2_SPR_StatusSprayingLayer4Position3,4th Layer Pos.3 (Future Function),1,TB284,,2026-09-18 02:42:39.067,2026-09-18 02:43:35.980,125,PU
174535,992680953800,G1,100,2,285/40R21 1 (D222V):PWPR,1250069.0,TB2_TR_StatusAtPositionWithBeltStitcher,Belt stitcher - position,0,TB275,,2026-09-18 02:42:39.067,2026-09-18 02:43:35.980,125,PU
174535,992680953800,G1,100,2,285/40R21 1 (D222V):PWPR,1250069.0,TB2_TR_StatusAtPositionWithBeltStitcher,Belt stitcher - position,0,TB274,,2026-09-18 02:42:39.067,2026-09-18 02:43:35.980,125,PU
174535,992680953800,G1,100,2,285/40R21 1 (D222V):PWPR,1250069.0,TB2_TR_StatusAtPositionWithBeltStitcher,Belt stitcher - position,0,TB273,,2026-09-18 02:42:39.067,2026-09-18 02:43:35.980,125,PU
174535,992680953800,G1,100,2,285/40R21 1 (D222V):PWPR,1250069.0,TB2_TR_StatusAtPositionWithBeltStitcher,Belt stitcher - position,0,TB272,,2026-09-18 02:42:39.067,2026-09-18 02:43:35.980,125,PU
174535,992680953800,G1,100,2,285/40R21 1 (D222V):PWPR,1250168.0,TB2_CPL_StatusHead2,Winding head 2 active,1,TB284,,2026-09-18 02:42:39.067,2026-09-18 02:43:35.980,125,PU
174535,992680953800,G1,100,2,285/40R21 1 (D222V):PWPR,1250168.0,TB2_CPL_StatusHead2,Winding head 2 active,1,TB251,,2026-09-18 02:42:39.067,2026-09-18 02:43:35.980,125,PU
174535,992680953800,G1,100,2,285/40R21 1 (D222V):PWPR,1250069.0,TB2_TR_StatusAtPositionWithBeltStitcher,Belt stitcher - position,0,TB271,,2026-09-18 02:42:39.067,2026-09-18 02:43:35.980,125,PU
174535,992680953800,G1,100,2,285/40R21 1 (D222V):PWPR,1250168.0,TB2_CPL_StatusHead2,Winding head 2 active,1,TB254,,2026-09-18 02:42:39.067,2026-09-18 02:43:35.980,125,PU
174535,992680953800,G1,100,2,285/40R21 1 (D222V):PWPR,1250168.0,TB2_CPL_StatusHead2,Winding head 2 active,1,TB261,,2026-09-18 02:42:39.067,2026-09-18 02:43:35.980,125,PU
174535,992680953800,G1,100,2,285/40R21 1 (D222V):PWPR,1250168.0,TB2_CPL_StatusHead2,Winding head 2 active,1,TB262,,2026-09-18 02:42:39.067,2026-09-18 02:43:35.980,125,PU
174535,992680953800,G1,100,2,285/40R21 1 (D222V):PWPR,1250168.0,TB2_CPL_StatusHead2,Winding head 2 active,1,TB263,,2026-09-18 02:42:39.067,2026-09-18 02:43:35.980,125,PU
174535,992680953800,G1,100,2,285/40R21 1 (D222V):PWPR,1250168.0,TB2_CPL_StatusHead2,Winding head 2 active,1,TB271,,2026-09-18 02:42:39.067,2026-09-18 02:43:35.980,125,PU
174535,992680953800,G1,100,2,285/40R21 1 (D222V):PWPR,1250168.0,TB2_CPL_StatusHead2,Winding head 2 active,1,TB272,,2026-09-18 02:42:39.067,2026-09-18 02:43:35.980,125,PU
174535,992680953800,G1,100,2,285/40R21 1 (D222V):PWPR,1250168.0,TB2_CPL_StatusHead2,Winding head 2 active,1,TB273,,2026-09-18 02:42:39.067,2026-09-18 02:43:35.980,125,PU
174535,992680953800,G1,100,2,285/40R21 1 (D222V):PWPR,1250168.0,TB2_CPL_StatusHead2,Winding head 2 active,1,TB274,,2026-09-18 02:42:39.067,2026-09-18 02:43:35.980,125,PU
174535,992680953800,G1,100,2,285/40R21 1 (D222V):PWPR,1250168.0,TB2_CPL_StatusHead2,Winding head 2 active,1,TB275,,2026-09-18 02:42:39.067,2026-09-18 02:43:35.980,125,PU
174535,992680953800,G1,100,2,285/40R21 1 (D222V):PWPR,1250168.0,TB2_CPL_StatusHead2,Winding head 2 active,1,TB276,,2026-09-18 02:42:39.067,2026-09-18 02:43:35.980,125,PU
174535,992680953800,G1,100,2,285/40R21 1 (D222V):PWPR,1250168.0,TB2_CPL_StatusHead2,Winding head 2 active,1,TB281,,2026-09-18 02:42:39.067,2026-09-18 02:43:35.980,125,PU
174535,992680953800,G1,100,2,285/40R21 1 (D222V):PWPR,1250168.0,TB2_CPL_StatusHead2,Winding head 2 active,1,TB282,,2026-09-18 02:42:39.067,2026-09-18 02:43:35.980,125,PU
174535,992680953800,G1,100,2,285/40R21 1 (D222V):PWPR,1250541.0,TB2_SPR_StatusSprayingLayer4Position3,4th Layer Pos.3 (Future Function),1,TB252,,2026-09-18 02:42:39.067,2026-09-18 02:43:35.980,125,PU
174535,992680953800,G1,100,2,285/40R21 1 (D222V):PWPR,1250541.0,TB2_SPR_StatusSprayingLayer4Position3,4th Layer Pos.3 (Future Function),1,TB254,,2026-09-18 02:42:39.067,2026-09-18 02:43:35.980,125,PU
174535,992680953800,G1,100,2,285/40R21 1 (D222V):PWPR,1250541.0,TB2_SPR_StatusSprayingLayer4Position3,4th Layer Pos.3 (Future Function),1,TB261,,2026-09-18 02:42:39.067,2026-09-18 02:43:35.980,125,PU
174535,992680953800,G1,100,2,285/40R21 1 (D222V):PWPR,1250541.0,TB2_SPR_StatusSprayingLayer4Position3,4th Layer Pos.3 (Future Function),1,TB285,,2026-09-18 02:42:39.067,2026-09-18 02:43:35.980,125,PU
174535,992680953800,G1,100,2,285/40R21 1 (D222V):PWPR,1250606.0,TB2_INF_UUHP,UUHP,N,TB275,,2026-09-18 02:42:39.067,2026-09-18 02:43:35.980,125,PU
174535,992680953800,G1,100,2,285/40R21 1 (D222V):PWPR,1250606.0,TB2_INF_UUHP,UUHP,N,TB276,,2026-09-18 02:42:39.067,2026-09-18 02:43:35.980,125,PU
174535,992680953800,G1,100,2,285/40R21 1 (D222V):PWPR,1250606.0,TB2_INF_UUHP,UUHP,N,TB281,,2026-09-18 02:42:39.067,2026-09-18 02:43:35.980,125,PU
174535,992680953800,G1,100,2,285/40R21 1 (D222V):PWPR,1250606.0,TB2_INF_UUHP,UUHP,N,TB282,,2026-09-18 02:42:39.067,2026-09-18 02:43:35.980,125,PU
174535,992680953800,G1,100,2,285/40R21 1 (D222V):PWPR,1250606.0,TB2_INF_UUHP,UUHP,N,TB283,,2026-09-18 02:42:39.067,2026-09-18 02:43:35.980,125,PU
174535,992680953800,G1,100,2,285/40R21 1 (D222V):PWPR,1250606.0,TB2_INF_UUHP,UUHP,N,TB285,,2026-09-18 02:42:39.067,2026-09-18 02:43:35.980,125,PU
174535,992680953800,G1,100,2,285/40R21 1 (D222V):PWPR,1250606.0,TB2_INF_UUHP,UUHP,N,TB286,,2026-09-18 02:42:39.067,2026-09-18 02:43:35.980,125,PU
174535,992680953800,G1,100,2,285/40R21 1 (D222V):PWPR,1250606.0,TB2_INF_UUHP,UUHP,N,TB264,,2026-09-18 02:42:39.067,2026-09-18 02:43:35.980,125,PU
174535,992680953800,G1,100,2,285/40R21 1 (D222V):PWPR,1250541.0,TB2_SPR_StatusSprayingLayer4Position3,4th Layer Pos.3 (Future Function),1,TB286,,2026-09-18 02:42:39.067,2026-09-18 02:43:35.980,125,PU
174535,992680953800,G1,100,2,285/40R21 1 (D222V):PWPR,1250541.0,TB2_SPR_StatusSprayingLayer4Position3,4th Layer Pos.3 (Future Function),1,TB283,,2026-09-18 02:42:39.067,2026-09-18 02:43:35.980,125,PU
174535,992680953800,G1,100,2,285/40R21 1 (D222V):PWPR,1250541.0,TB2_SPR_StatusSprayingLayer4Position3,4th Layer Pos.3 (Future Function),1,TB262,,2026-09-18 02:42:39.067,2026-09-18 02:43:35.980,125,PU
174535,992680953800,G1,100,2,285/40R21 1 (D222V):PWPR,1250541.0,TB2_SPR_StatusSprayingLayer4Position3,4th Layer Pos.3 (Future Function),1,TB282,,2026-09-18 02:42:39.067,2026-09-18 02:43:35.980,125,PU
174535,992680953800,G1,100,2,285/40R21 1 (D222V):PWPR,1250541.0,TB2_SPR_StatusSprayingLayer4Position3,4th Layer Pos.3 (Future Function),1,TB281,,2026-09-18 02:42:39.067,2026-09-18 02:43:35.980,125,PU
174535,992680953800,G1,100,2,285/40R21 1 (D222V):PWPR,1250541.0,TB2_SPR_StatusSprayingLayer4Position3,4th Layer Pos.3 (Future Function),1,TB276,,2026-09-18 02:42:39.067,2026-09-18 02:43:35.980,125,PU
174535,992680953800,G1,100,2,285/40R21 1 (D222V):PWPR,1250541.0,TB2_SPR_StatusSprayingLayer4Position3,4th Layer Pos.3 (Future Function),1,TB275,,2026-09-18 02:42:39.067,2026-09-18 02:43:35.980,125,PU
174535,992680953800,G1,100,2,285/40R21 1 (D222V):PWPR,1250541.0,TB2_SPR_StatusSprayingLayer4Position3,4th Layer Pos.3 (Future Function),1,TB274,,2026-09-18 02:42:39.067,2026-09-18 02:43:35.980,125,PU
174535,992680953800,G1,100,2,285/40R21 1 (D222V):PWPR,1250541.0,TB2_SPR_StatusSprayingLayer4Position3,4th Layer Pos.3 (Future Function),1,TB273,,2026-09-18 02:42:39.067,2026-09-18 02:43:35.980,125,PU
174535,992680953800,G1,100,2,285/40R21 1 (D222V):PWPR,1250541.0,TB2_SPR_StatusSprayingLayer4Position3,4th Layer Pos.3 (Future Function),1,TB272,,2026-09-18 02:42:39.067,2026-09-18 02:43:35.980,125,PU
174535,992680953800,G1,100,2,285/40R21 1 (D222V):PWPR,1250541.0,TB2_SPR_StatusSprayingLayer4Position3,4th Layer Pos.3 (Future Function),1,TB271,,2026-09-18 02:42:39.067,2026-09-18 02:43:35.980,125,PU
174535,992680953800,G1,100,2,285/40R21 1 (D222V):PWPR,1250541.0,TB2_SPR_StatusSprayingLayer4Position3,4th Layer Pos.3 (Future Function),1,TB263,,2026-09-18 02:42:39.067,2026-09-18 02:43:35.980,125,PU
174535,992680953800,G1,100,2,285/40R21 1 (D222V):PWPR,1250300.0,TB2_CAL_StatusCarcassLoader,Automatic carcass loading ON(False)/OFF(True),0,TB283,,2026-09-18 02:42:39.067,2026-09-18 02:43:35.980,125,PU
174535,992680953800,G1,100,2,285/40R21 1 (D222V):PWPR,1250300.0,TB2_CAL_StatusCarcassLoader,Automatic carcass loading ON(False)/OFF(True),0,TB282,,2026-09-18 02:42:39.067,2026-09-18 02:43:35.980,125,PU
174535,992680953800,G1,100,2,285/40R21 1 (D222V):PWPR,1250300.0,TB2_CAL_StatusCarcassLoader,Automatic carcass loading ON(False)/OFF(True),0,TB281,,2026-09-18 02:42:39.067,2026-09-18 02:43:35.980,125,PU
174535,992680953800,G1,100,2,285/40R21 1 (D222V):PWPR,1250077.0,TB2_TR_StatusWithBeltStitcher,Belt stitcher - active,1,TB284,,2026-09-18 02:42:39.067,2026-09-18 02:43:35.980,125,PU
174535,992680953800,G1,100,2,285/40R21 1 (D222V):PWPR,1250077.0,TB2_TR_StatusWithBeltStitcher,Belt stitcher - active,1,TB252,,2026-09-18 02:42:39.067,2026-09-18 02:43:35.980,125,PU
174535,992680953800,G1,100,2,285/40R21 1 (D222V):PWPR,1250077.0,TB2_TR_StatusWithBeltStitcher,Belt stitcher - active,1,TB254,,2026-09-18 02:42:39.067,2026-09-18 02:43:35.980,125,PU
174535,992680953800,G1,100,2,285/40R21 1 (D222V):PWPR,1250077.0,TB2_TR_StatusWithBeltStitcher,Belt stitcher - active,1,TB261,,2026-09-18 02:42:39.067,2026-09-18 02:43:35.980,125,PU
174535,992680953800,G1,100,2,285/40R21 1 (D222V):PWPR,1250077.0,TB2_TR_StatusWithBeltStitcher,Belt stitcher - active,1,TB262,,2026-09-18 02:42:39.067,2026-09-18 02:43:35.980,125,PU
174535,992680953800,G1,100,2,285/40R21 1 (D222V):PWPR,1250077.0,TB2_TR_StatusWithBeltStitcher,Belt stitcher - active,1,TB263,,2026-09-18 02:42:39.067,2026-09-18 02:43:35.980,125,PU
174535,992680953800,G1,100,2,285/40R21 1 (D222V):PWPR,1250077.0,TB2_TR_StatusWithBeltStitcher,Belt stitcher - active,1,TB271,,2026-09-18 02:42:39.067,2026-09-18 02:43:35.980,125,PU
174535,992680953800,G1,100,2,285/40R21 1 (D222V):PWPR,1250077.0,TB2_TR_StatusWithBeltStitcher,Belt stitcher - active,1,TB272,,2026-09-18 02:42:39.067,2026-09-18 02:43:35.980,125,PU
174535,992680953800,G1,100,2,285/40R21 1 (D222V):PWPR,1250077.0,TB2_TR_StatusWithBeltStitcher,Belt stitcher - active,1,TB273,,2026-09-18 02:42:39.067,2026-09-18 02:43:35.980,125,PU
174535,992680953800,G1,100,2,285/40R21 1 (D222V):PWPR,1250077.0,TB2_TR_StatusWithBeltStitcher,Belt stitcher - active,1,TB274,,2026-09-18 02:42:39.067,2026-09-18 02:43:35.980,125,PU
174535,992680953800,G1,100,2,285/40R21 1 (D222V):PWPR,1250077.0,TB2_TR_StatusWithBeltStitcher,Belt stitcher - active,1,TB275,,2026-09-18 02:42:39.067,2026-09-18 02:43:35.980,125,PU
174535,992680953800,G1,100,2,285/40R21 1 (D222V):PWPR,1250077.0,TB2_TR_StatusWithBeltStitcher,Belt stitcher - active,1,TB276,,2026-09-18 02:42:39.067,2026-09-18 02:43:35.980,125,PU
174535,992680953800,G1,100,2,285/40R21 1 (D222V):PWPR,1250077.0,TB2_TR_StatusWithBeltStitcher,Belt stitcher - active,1,TB281,,2026-09-18 02:42:39.067,2026-09-18 02:43:35.980,125,PU
174535,992680953800,G1,100,2,285/40R21 1 (D222V):PWPR,1250077.0,TB2_TR_StatusWithBeltStitcher,Belt stitcher - active,1,TB282,,2026-09-18 02:42:39.067,2026-09-18 02:43:35.980,125,PU
174535,992680953800,G1,100,2,285/40R21 1 (D222V):PWPR,1250077.0,TB2_TR_StatusWithBeltStitcher,Belt stitcher - active,1,TB283,,2026-09-18 02:42:39.067,2026-09-18 02:43:35.980,125,PU
174535,992680953800,G1,100,2,285/40R21 1 (D222V):PWPR,1250077.0,TB2_TR_StatusWithBeltStitcher,Belt stitcher - active,1,TB285,,2026-09-18 02:42:39.067,2026-09-18 02:43:35.980,125,PU
174535,992680953800,G1,100,2,285/40R21 1 (D222V):PWPR,1250077.0,TB2_TR_StatusWithBeltStitcher,Belt stitcher - active,1,TB286,,2026-09-18 02:42:39.067,2026-09-18 02:43:35.980,125,PU
174535,992680953800,G1,100,2,285/40R21 1 (D222V):PWPR,1250077.0,TB2_TR_StatusWithBeltStitcher,Belt stitcher - active,1,TB264,,2026-09-18 02:42:39.067,2026-09-18 02:43:35.980,125,PU
174535,992680953800,G1,100,2,285/40R21 1 (D222V):PWPR,1250162.0,TB2_SH_StatusPositionBarcode,SH barcode position,0,TB285,,2026-09-18 02:42:39.067,2026-09-18 02:43:35.980,125,PU
174535,992680953800,G1,100,2,285/40R21 1 (D222V):PWPR,1250162.0,TB2_SH_StatusPositionBarcode,SH barcode position,0,TB286,,2026-09-18 02:42:39.067,2026-09-18 02:43:35.980,125,PU
174535,992680953800,G1,100,2,285/40R21 1 (D222V):PWPR,1250162.0,TB2_SH_StatusPositionBarcode,SH barcode position,0,TB264,,2026-09-18 02:42:39.067,2026-09-18 02:43:35.980,125,PU
174535,992680953800,G1,100,2,285/40R21 1 (D222V):PWPR,1250321.0,TB2_SH_StatusBoosterOption,SH extend recipe shap sttings (ON/OFF),1,TB284,,2026-09-18 02:42:39.067,2026-09-18 02:43:35.980,125,PU
174535,992680953800,G1,100,2,285/40R21 1 (D222V):PWPR,1250077.0,TB2_TR_StatusWithBeltStitcher,Belt stitcher - active,1,TB251,,2026-09-18 02:42:39.067,2026-09-18 02:43:35.980,125,PU
174535,992680953800,G1,100,2,285/40R21 1 (D222V):PWPR,1250392.0,TB2_CPL_StatusRotationTurnTable,Turn table rotate - active,1,TB264,,2026-09-18 02:42:39.067,2026-09-18 02:43:35.980,125,PU
174535,992680953800,G1,100,2,285/40R21 1 (D222V):PWPR,1250162.0,TB2_SH_StatusPositionBarcode,SH barcode position,0,TB274,,2026-09-18 02:42:39.067,2026-09-18 02:43:35.980,125,PU
174535,992680953800,G1,100,2,285/40R21 1 (D222V):PWPR,1250392.0,TB2_CPL_StatusRotationTurnTable,Turn table rotate - active,1,TB286,,2026-09-18 02:42:39.067,2026-09-18 02:43:35.980,125,PU
174535,992680953800,G1,100,2,285/40R21 1 (D222V):PWPR,1250162.0,TB2_SH_StatusPositionBarcode,SH barcode position,0,TB276,,2026-09-18 02:42:39.067,2026-09-18 02:43:35.980,125,PU
174535,992680953800,G1,100,2,285/40R21 1 (D222V):PWPR,1250162.0,TB2_SH_StatusPositionBarcode,SH barcode position,0,TB281,,2026-09-18 02:42:39.067,2026-09-18 02:43:35.980,125,PU
174535,992680953800,G1,100,2,285/40R21 1 (D222V):PWPR,1250162.0,TB2_SH_StatusPositionBarcode,SH barcode position,0,TB282,,2026-09-18 02:42:39.067,2026-09-18 02:43:35.980,125,PU
174535,992680953800,G1,100,2,285/40R21 1 (D222V):PWPR,1250162.0,TB2_SH_StatusPositionBarcode,SH barcode position,0,TB283,,2026-09-18 02:42:39.067,2026-09-18 02:43:35.980,125,PU
174535,992680953800,G1,100,2,285/40R21 1 (D222V):PWPR,1250392.0,TB2_CPL_StatusRotationTurnTable,Turn table rotate - active,1,TB284,,2026-09-18 02:42:39.067,2026-09-18 02:43:35.980,125,PU
174535,992680953800,G1,100,2,285/40R21 1 (D222V):PWPR,1250392.0,TB2_CPL_StatusRotationTurnTable,Turn table rotate - active,1,TB251,,2026-09-18 02:42:39.067,2026-09-18 02:43:35.980,125,PU
174535,992680953800,G1,100,2,285/40R21 1 (D222V):PWPR,1250392.0,TB2_CPL_StatusRotationTurnTable,Turn table rotate - active,1,TB252,,2026-09-18 02:42:39.067,2026-09-18 02:43:35.980,125,PU
174535,992680953800,G1,100,2,285/40R21 1 (D222V):PWPR,1250392.0,TB2_CPL_StatusRotationTurnTable,Turn table rotate - active,1,TB254,,2026-09-18 02:42:39.067,2026-09-18 02:43:35.980,125,PU
174535,992680953800,G1,100,2,285/40R21 1 (D222V):PWPR,1250392.0,TB2_CPL_StatusRotationTurnTable,Turn table rotate - active,1,TB261,,2026-09-18 02:42:39.067,2026-09-18 02:43:35.980,125,PU
174535,992680953800,G1,100,2,285/40R21 1 (D222V):PWPR,1250392.0,TB2_CPL_StatusRotationTurnTable,Turn table rotate - active,1,TB262,,2026-09-18 02:42:39.067,2026-09-18 02:43:35.980,125,PU
174535,992680953800,G1,100,2,285/40R21 1 (D222V):PWPR,1250392.0,TB2_CPL_StatusRotationTurnTable,Turn table rotate - active,1,TB263,,2026-09-18 02:42:39.067,2026-09-18 02:43:35.980,125,PU
174535,992680953800,G1,100,2,285/40R21 1 (D222V):PWPR,1250392.0,TB2_CPL_StatusRotationTurnTable,Turn table rotate - active,1,TB271,,2026-09-18 02:42:39.067,2026-09-18 02:43:35.980,125,PU
174535,992680953800,G1,100,2,285/40R21 1 (D222V):PWPR,1250392.0,TB2_CPL_StatusRotationTurnTable,Turn table rotate - active,1,TB272,,2026-09-18 02:42:39.067,2026-09-18 02:43:35.980,125,PU
174535,992680953800,G1,100,2,285/40R21 1 (D222V):PWPR,1250392.0,TB2_CPL_StatusRotationTurnTable,Turn table rotate - active,1,TB273,,2026-09-18 02:42:39.067,2026-09-18 02:43:35.980,125,PU
174535,992680953800,G1,100,2,285/40R21 1 (D222V):PWPR,1250392.0,TB2_CPL_StatusRotationTurnTable,Turn table rotate - active,1,TB274,,2026-09-18 02:42:39.067,2026-09-18 02:43:35.980,125,PU
174535,992680953800,G1,100,2,285/40R21 1 (D222V):PWPR,1250392.0,TB2_CPL_StatusRotationTurnTable,Turn table rotate - active,1,TB275,,2026-09-18 02:42:39.067,2026-09-18 02:43:35.980,125,PU
174535,992680953800,G1,100,2,285/40R21 1 (D222V):PWPR,1250392.0,TB2_CPL_StatusRotationTurnTable,Turn table rotate - active,1,TB276,,2026-09-18 02:42:39.067,2026-09-18 02:43:35.980,125,PU
174535,992680953800,G1,100,2,285/40R21 1 (D222V):PWPR,1250392.0,TB2_CPL_StatusRotationTurnTable,Turn table rotate - active,1,TB281,,2026-09-18 02:42:39.067,2026-09-18 02:43:35.980,125,PU
174535,992680953800,G1,100,2,285/40R21 1 (D222V):PWPR,1250392.0,TB2_CPL_StatusRotationTurnTable,Turn table rotate - active,1,TB282,,2026-09-18 02:42:39.067,2026-09-18 02:43:35.980,125,PU
174535,992680953800,G1,100,2,285/40R21 1 (D222V):PWPR,1250392.0,TB2_CPL_StatusRotationTurnTable,Turn table rotate - active,1,TB283,,2026-09-18 02:42:39.067,2026-09-18 02:43:35.980,125,PU
174535,992680953800,G1,100,2,285/40R21 1 (D222V):PWPR,1250392.0,TB2_CPL_StatusRotationTurnTable,Turn table rotate - active,1,TB285,,2026-09-18 02:42:39.067,2026-09-18 02:43:35.980,125,PU
174535,992680953800,G1,100,2,285/40R21 1 (D222V):PWPR,1250321.0,TB2_SH_StatusBoosterOption,SH extend recipe shap sttings (ON/OFF),1,TB251,,2026-09-18 02:42:39.067,2026-09-18 02:43:35.980,125,PU
174535,992680953800,G1,100,2,285/40R21 1 (D222V):PWPR,1250321.0,TB2_SH_StatusBoosterOption,SH extend recipe shap sttings (ON/OFF),1,TB252,,2026-09-18 02:42:39.067,2026-09-18 02:43:35.980,125,PU
174535,992680953800,G1,100,2,285/40R21 1 (D222V):PWPR,1250321.0,TB2_SH_StatusBoosterOption,SH extend recipe shap sttings (ON/OFF),1,TB254,,2026-09-18 02:42:39.067,2026-09-18 02:43:35.980,125,PU
174535,992680953800,G1,100,2,285/40R21 1 (D222V):PWPR,1250321.0,TB2_SH_StatusBoosterOption,SH extend recipe shap sttings (ON/OFF),1,TB261,,2026-09-18 02:42:39.067,2026-09-18 02:43:35.980,125,PU
174535,992680953800,G1,100,2,285/40R21 1 (D222V):PWPR,1252097.0,TB2_BR_StatusCycleStop,BR apply - stop,1,TB261,,2026-09-18 02:42:39.067,2026-09-18 02:43:35.980,125,PU
174535,992680953800,G1,100,2,285/40R21 1 (D222V):PWPR,1252097.0,TB2_BR_StatusCycleStop,BR apply - stop,1,TB254,,2026-09-18 02:42:39.067,2026-09-18 02:43:35.980,125,PU
174535,992680953800,G1,100,2,285/40R21 1 (D222V):PWPR,1252097.0,TB2_BR_StatusCycleStop,BR apply - stop,1,TB252,,2026-09-18 02:42:39.067,2026-09-18 02:43:35.980,125,PU
174535,992680953800,G1,100,2,285/40R21 1 (D222V):PWPR,1252097.0,TB2_BR_StatusCycleStop,BR apply - stop,1,TB251,,2026-09-18 02:42:39.067,2026-09-18 02:43:35.980,125,PU
174535,992680953800,G1,100,2,285/40R21 1 (D222V):PWPR,1252097.0,TB2_BR_StatusCycleStop,BR apply - stop,1,TB284,,2026-09-18 02:42:39.067,2026-09-18 02:43:35.980,125,PU
174535,992680953800,G1,100,2,285/40R21 1 (D222V):PWPR,1252087.0,TB2_BL_StatusCycleStop,BL apply - stop,1,TB264,,2026-09-18 02:42:39.067,2026-09-18 02:43:35.980,125,PU
174535,992680953800,G1,100,2,285/40R21 1 (D222V):PWPR,1250122.0,TB2_BT_StatusManualActive,Pick up belt package - active,1,TB284,,2026-09-18 02:42:39.067,2026-09-18 02:43:35.980,125,PU
174535,992680953800,G1,100,2,285/40R21 1 (D222V):PWPR,1250122.0,TB2_BT_StatusManualActive,Pick up belt package - active,1,TB251,,2026-09-18 02:42:39.067,2026-09-18 02:43:35.980,125,PU
174535,992680953800,G1,100,2,285/40R21 1 (D222V):PWPR,1250122.0,TB2_BT_StatusManualActive,Pick up belt package - active,1,TB252,,2026-09-18 02:42:39.067,2026-09-18 02:43:35.980,125,PU
174535,992680953800,G1,100,2,285/40R21 1 (D222V):PWPR,1250122.0,TB2_BT_StatusManualActive,Pick up belt package - active,1,TB254,,2026-09-18 02:42:39.067,2026-09-18 02:43:35.980,125,PU
174535,992680953800,G1,100,2,285/40R21 1 (D222V):PWPR,1250122.0,TB2_BT_StatusManualActive,Pick up belt package - active,1,TB261,,2026-09-18 02:42:39.067,2026-09-18 02:43:35.980,125,PU
174535,992680953800,G1,100,2,285/40R21 1 (D222V):PWPR,1250122.0,TB2_BT_StatusManualActive,Pick up belt package - active,1,TB262,,2026-09-18 02:42:39.067,2026-09-18 02:43:35.980,125,PU
174535,992680953800,G1,100,2,285/40R21 1 (D222V):PWPR,1250122.0,TB2_BT_StatusManualActive,Pick up belt package - active,1,TB263,,2026-09-18 02:42:39.067,2026-09-18 02:43:35.980,125,PU
174535,992680953800,G1,100,2,285/40R21 1 (D222V):PWPR,1250122.0,TB2_BT_StatusManualActive,Pick up belt package - active,1,TB271,,2026-09-18 02:42:39.067,2026-09-18 02:43:35.980,125,PU
174535,992680953800,G1,100,2,285/40R21 1 (D222V):PWPR,1250122.0,TB2_BT_StatusManualActive,Pick up belt package - active,1,TB272,,2026-09-18 02:42:39.067,2026-09-18 02:43:35.980,125,PU
174535,992680953800,G1,100,2,285/40R21 1 (D222V):PWPR,1250122.0,TB2_BT_StatusManualActive,Pick up belt package - active,1,TB273,,2026-09-18 02:42:39.067,2026-09-18 02:43:35.980,125,PU
174535,992680953800,G1,100,2,285/40R21 1 (D222V):PWPR,1250122.0,TB2_BT_StatusManualActive,Pick up belt package - active,1,TB274,,2026-09-18 02:42:39.067,2026-09-18 02:43:35.980,125,PU
174535,992680953800,G1,100,2,285/40R21 1 (D222V):PWPR,1250122.0,TB2_BT_StatusManualActive,Pick up belt package - active,1,TB275,,2026-09-18 02:42:39.067,2026-09-18 02:43:35.980,125,PU
174535,992680953800,G1,100,2,285/40R21 1 (D222V):PWPR,1250122.0,TB2_BT_StatusManualActive,Pick up belt package - active,1,TB276,,2026-09-18 02:42:39.067,2026-09-18 02:43:35.980,125,PU
174535,992680953800,G1,100,2,285/40R21 1 (D222V):PWPR,1250122.0,TB2_BT_StatusManualActive,Pick up belt package - active,1,TB281,,2026-09-18 02:42:39.067,2026-09-18 02:43:35.980,125,PU
174535,992680953800,G1,100,2,285/40R21 1 (D222V):PWPR,1250122.0,TB2_BT_StatusManualActive,Pick up belt package - active,1,TB282,,2026-09-18 02:42:39.067,2026-09-18 02:43:35.980,125,PU
174535,992680953800,G1,100,2,285/40R21 1 (D222V):PWPR,1252097.0,TB2_BR_StatusCycleStop,BR apply - stop,1,TB262,,2026-09-18 02:42:39.067,2026-09-18 02:43:35.980,125,PU
174535,992680953800,G1,100,2,285/40R21 1 (D222V):PWPR,1252097.0,TB2_BR_StatusCycleStop,BR apply - stop,1,TB263,,2026-09-18 02:42:39.067,2026-09-18 02:43:35.980,125,PU
174535,992680953800,G1,100,2,285/40R21 1 (D222V):PWPR,1252097.0,TB2_BR_StatusCycleStop,BR apply - stop,1,TB271,,2026-09-18 02:42:39.067,2026-09-18 02:43:35.980,125,PU
174535,992680953800,G1,100,2,285/40R21 1 (D222V):PWPR,1250321.0,TB2_SH_StatusBoosterOption,SH extend recipe shap sttings (ON/OFF),1,TB282,,2026-09-18 02:42:39.067,2026-09-18 02:43:35.980,125,PU
174535,992680953800,G1,100,2,285/40R21 1 (D222V):PWPR,1250321.0,TB2_SH_StatusBoosterOption,SH extend recipe shap sttings (ON/OFF),1,TB262,,2026-09-18 02:42:39.067,2026-09-18 02:43:35.980,125,PU
174535,992680953800,G1,100,2,285/40R21 1 (D222V):PWPR,1250321.0,TB2_SH_StatusBoosterOption,SH extend recipe shap sttings (ON/OFF),1,TB263,,2026-09-18 02:42:39.067,2026-09-18 02:43:35.980,125,PU
174535,992680953800,G1,100,2,285/40R21 1 (D222V):PWPR,1250321.0,TB2_SH_StatusBoosterOption,SH extend recipe shap sttings (ON/OFF),1,TB271,,2026-09-18 02:42:39.067,2026-09-18 02:43:35.980,125,PU
174535,992680953800,G1,100,2,285/40R21 1 (D222V):PWPR,1250321.0,TB2_SH_StatusBoosterOption,SH extend recipe shap sttings (ON/OFF),1,TB272,,2026-09-18 02:42:39.067,2026-09-18 02:43:35.980,125,PU
174535,992680953800,G1,100,2,285/40R21 1 (D222V):PWPR,1250321.0,TB2_SH_StatusBoosterOption,SH extend recipe shap sttings (ON/OFF),1,TB273,,2026-09-18 02:42:39.067,2026-09-18 02:43:35.980,125,PU
174535,992680953800,G1,100,2,285/40R21 1 (D222V):PWPR,1250321.0,TB2_SH_StatusBoosterOption,SH extend recipe shap sttings (ON/OFF),1,TB274,,2026-09-18 02:42:39.067,2026-09-18 02:43:35.980,125,PU
174535,992680953800,G1,100,2,285/40R21 1 (D222V):PWPR,1250321.0,TB2_SH_StatusBoosterOption,SH extend recipe shap sttings (ON/OFF),1,TB275,,2026-09-18 02:42:39.067,2026-09-18 02:43:35.980,125,PU
174535,992680953800,G1,100,2,285/40R21 1 (D222V):PWPR,1250321.0,TB2_SH_StatusBoosterOption,SH extend recipe shap sttings (ON/OFF),1,TB276,,2026-09-18 02:42:39.067,2026-09-18 02:43:35.980,125,PU
174535,992680953800,G1,100,2,285/40R21 1 (D222V):PWPR,1250321.0,TB2_SH_StatusBoosterOption,SH extend recipe shap sttings (ON/OFF),1,TB281,,2026-09-18 02:42:39.067,2026-09-18 02:43:35.980,125,PU
174535,992680953800,G1,100,2,285/40R21 1 (D222V):PWPR,1252097.0,TB2_BR_StatusCycleStop,BR apply - stop,1,TB264,,2026-09-18 02:42:39.067,2026-09-18 02:43:35.980,125,PU
174535,992680953800,G1,100,2,285/40R21 1 (D222V):PWPR,1252097.0,TB2_BR_StatusCycleStop,BR apply - stop,1,TB272,,2026-09-18 02:42:39.067,2026-09-18 02:43:35.980,125,PU
174535,992680953800,G1,100,2,285/40R21 1 (D222V):PWPR,1252097.0,TB2_BR_StatusCycleStop,BR apply - stop,1,TB286,,2026-09-18 02:42:39.067,2026-09-18 02:43:35.980,125,PU
174535,992680953800,G1,100,2,285/40R21 1 (D222V):PWPR,1252097.0,TB2_BR_StatusCycleStop,BR apply - stop,1,TB285,,2026-09-18 02:42:39.067,2026-09-18 02:43:35.980,125,PU
174535,992680953800,G1,100,2,285/40R21 1 (D222V):PWPR,1252097.0,TB2_BR_StatusCycleStop,BR apply - stop,1,TB283,,2026-09-18 02:42:39.067,2026-09-18 02:43:35.980,125,PU
174535,992680953800,G1,100,2,285/40R21 1 (D222V):PWPR,1252097.0,TB2_BR_StatusCycleStop,BR apply - stop,1,TB282,,2026-09-18 02:42:39.067,2026-09-18 02:43:35.980,125,PU
174535,992680953800,G1,100,2,285/40R21 1 (D222V):PWPR,1252097.0,TB2_BR_StatusCycleStop,BR apply - stop,1,TB281,,2026-09-18 02:42:39.067,2026-09-18 02:43:35.980,125,PU
174535,992680953800,G1,100,2,285/40R21 1 (D222V):PWPR,1252097.0,TB2_BR_StatusCycleStop,BR apply - stop,1,TB276,,2026-09-18 02:42:39.067,2026-09-18 02:43:35.980,125,PU
174535,992680953800,G1,100,2,285/40R21 1 (D222V):PWPR,1252097.0,TB2_BR_StatusCycleStop,BR apply - stop,1,TB275,,2026-09-18 02:42:39.067,2026-09-18 02:43:35.980,125,PU
174535,992680953800,G1,100,2,285/40R21 1 (D222V):PWPR,1252097.0,TB2_BR_StatusCycleStop,BR apply - stop,1,TB274,,2026-09-18 02:42:39.067,2026-09-18 02:43:35.980,125,PU
174535,992680953800,G1,100,2,285/40R21 1 (D222V):PWPR,1252097.0,TB2_BR_StatusCycleStop,BR apply - stop,1,TB273,,2026-09-18 02:42:39.067,2026-09-18 02:43:35.980,125,PU
174535,992680953800,G1,100,2,285/40R21 1 (D222V):PWPR,1250162.0,TB2_SH_StatusPositionBarcode,SH barcode position,0,TB275,,2026-09-18 02:42:39.067,2026-09-18 02:43:35.980,125,PU
174535,992680953800,G1,100,2,285/40R21 1 (D222V):PWPR,1250162.0,TB2_SH_StatusPositionBarcode,SH barcode position,0,TB273,,2026-09-18 02:42:39.067,2026-09-18 02:43:35.980,125,PU
174535,992680953800,G1,100,2,285/40R21 1 (D222V):PWPR,1250122.0,TB2_BT_StatusManualActive,Pick up belt package - active,1,TB285,,2026-09-18 02:42:39.067,2026-09-18 02:43:35.980,125,PU
174535,992680953800,G1,100,2,285/40R21 1 (D222V):PWPR,1250071.0,TB2_TR_StatusCycleStopWithBeltStitcher,Belt stitcher - stop,0,TB252,,2026-09-18 02:42:39.067,2026-09-18 02:43:35.980,125,PU
174535,992680953800,G1,100,2,285/40R21 1 (D222V):PWPR,1250071.0,TB2_TR_StatusCycleStopWithBeltStitcher,Belt stitcher - stop,0,TB284,,2026-09-18 02:42:39.067,2026-09-18 02:43:35.980,125,PU
174535,992680953800,G1,100,2,285/40R21 1 (D222V):PWPR,1250103.0,TB2_CPL_StatusCycleStopRotationTurnTable,Turn table rotate - stop,0,TB264,,2026-09-18 02:42:39.067,2026-09-18 02:43:35.980,125,PU
174535,992680953800,G1,100,2,285/40R21 1 (D222V):PWPR,1252088.0,TB2_BL_StatusLayon,BL apply - active,1,TB284,,2026-09-18 02:42:39.067,2026-09-18 02:43:35.980,125,PU
174535,992680953800,G1,100,2,285/40R21 1 (D222V):PWPR,1252088.0,TB2_BL_StatusLayon,BL apply - active,1,TB251,,2026-09-18 02:42:39.067,2026-09-18 02:43:35.980,125,PU
174535,992680953800,G1,100,2,285/40R21 1 (D222V):PWPR,1252088.0,TB2_BL_StatusLayon,BL apply - active,1,TB252,,2026-09-18 02:42:39.067,2026-09-18 02:43:35.980,125,PU
174535,992680953800,G1,100,2,285/40R21 1 (D222V):PWPR,1252088.0,TB2_BL_StatusLayon,BL apply - active,1,TB254,,2026-09-18 02:42:39.067,2026-09-18 02:43:35.980,125,PU
174535,992680953800,G1,100,2,285/40R21 1 (D222V):PWPR,1252088.0,TB2_BL_StatusLayon,BL apply - active,1,TB261,,2026-09-18 02:42:39.067,2026-09-18 02:43:35.980,125,PU
174535,992680953800,G1,100,2,285/40R21 1 (D222V):PWPR,1252088.0,TB2_BL_StatusLayon,BL apply - active,1,TB262,,2026-09-18 02:42:39.067,2026-09-18 02:43:35.980,125,PU
174535,992680953800,G1,100,2,285/40R21 1 (D222V):PWPR,1252088.0,TB2_BL_StatusLayon,BL apply - active,1,TB263,,2026-09-18 02:42:39.067,2026-09-18 02:43:35.980,125,PU
174535,992680953800,G1,100,2,285/40R21 1 (D222V):PWPR,1252088.0,TB2_BL_StatusLayon,BL apply - active,1,TB271,,2026-09-18 02:42:39.067,2026-09-18 02:43:35.980,125,PU
174535,992680953800,G1,100,2,285/40R21 1 (D222V):PWPR,1252088.0,TB2_BL_StatusLayon,BL apply - active,1,TB272,,2026-09-18 02:42:39.067,2026-09-18 02:43:35.980,125,PU
174535,992680953800,G1,100,2,285/40R21 1 (D222V):PWPR,1252088.0,TB2_BL_StatusLayon,BL apply - active,1,TB273,,2026-09-18 02:42:39.067,2026-09-18 02:43:35.980,125,PU
174535,992680953800,G1,100,2,285/40R21 1 (D222V):PWPR,1252088.0,TB2_BL_StatusLayon,BL apply - active,1,TB274,,2026-09-18 02:42:39.067,2026-09-18 02:43:35.980,125,PU
174535,992680953800,G1,100,2,285/40R21 1 (D222V):PWPR,1252088.0,TB2_BL_StatusLayon,BL apply - active,1,TB275,,2026-09-18 02:42:39.067,2026-09-18 02:43:35.980,125,PU
174535,992680953800,G1,100,2,285/40R21 1 (D222V):PWPR,1252088.0,TB2_BL_StatusLayon,BL apply - active,1,TB276,,2026-09-18 02:42:39.067,2026-09-18 02:43:35.980,125,PU
174535,992680953800,G1,100,2,285/40R21 1 (D222V):PWPR,1252088.0,TB2_BL_StatusLayon,BL apply - active,1,TB281,,2026-09-18 02:42:39.067,2026-09-18 02:43:35.980,125,PU
174535,992680953800,G1,100,2,285/40R21 1 (D222V):PWPR,1252088.0,TB2_BL_StatusLayon,BL apply - active,1,TB282,,2026-09-18 02:42:39.067,2026-09-18 02:43:35.980,125,PU
174535,992680953800,G1,100,2,285/40R21 1 (D222V):PWPR,1252088.0,TB2_BL_StatusLayon,BL apply - active,1,TB283,,2026-09-18 02:42:39.067,2026-09-18 02:43:35.980,125,PU
174535,992680953800,G1,100,2,285/40R21 1 (D222V):PWPR,1252088.0,TB2_BL_StatusLayon,BL apply - active,1,TB285,,2026-09-18 02:42:39.067,2026-09-18 02:43:35.980,125,PU
174535,992680953800,G1,100,2,285/40R21 1 (D222V):PWPR,1252088.0,TB2_BL_StatusLayon,BL apply - active,1,TB286,,2026-09-18 02:42:39.067,2026-09-18 02:43:35.980,125,PU
174535,992680953800,G1,100,2,285/40R21 1 (D222V):PWPR,1252088.0,TB2_BL_StatusLayon,BL apply - active,1,TB264,,2026-09-18 02:42:39.067,2026-09-18 02:43:35.980,125,PU
174535,992680953800,G1,100,2,285/40R21 1 (D222V):PWPR,1250071.0,TB2_TR_StatusCycleStopWithBeltStitcher,Belt stitcher - stop,0,TB251,,2026-09-18 02:42:39.067,2026-09-18 02:43:35.980,125,PU
174535,992680953800,G1,100,2,285/40R21 1 (D222V):PWPR,1250071.0,TB2_TR_StatusCycleStopWithBeltStitcher,Belt stitcher - stop,0,TB254,,2026-09-18 02:42:39.067,2026-09-18 02:43:35.980,125,PU
174535,992680953800,G1,100,2,285/40R21 1 (D222V):PWPR,1250162.0,TB2_SH_StatusPositionBarcode,SH barcode position,0,TB272,,2026-09-18 02:42:39.067,2026-09-18 02:43:35.980,125,PU
174535,992680953800,G1,100,2,285/40R21 1 (D222V):PWPR,1250071.0,TB2_TR_StatusCycleStopWithBeltStitcher,Belt stitcher - stop,0,TB261,,2026-09-18 02:42:39.067,2026-09-18 02:43:35.980,125,PU
174535,992680953800,G1,100,2,285/40R21 1 (D222V):PWPR,1250073.0,TB2_TR_StatusLayonAtPosition,Apply tread - position,1,TB264,,2026-09-18 02:42:39.067,2026-09-18 02:43:35.980,125,PU
174535,992680953800,G1,100,2,285/40R21 1 (D222V):PWPR,1250073.0,TB2_TR_StatusLayonAtPosition,Apply tread - position,1,TB286,,2026-09-18 02:42:39.067,2026-09-18 02:43:35.980,125,PU
174535,992680953800,G1,100,2,285/40R21 1 (D222V):PWPR,1250073.0,TB2_TR_StatusLayonAtPosition,Apply tread - position,1,TB285,,2026-09-18 02:42:39.067,2026-09-18 02:43:35.980,125,PU
174535,992680953800,G1,100,2,285/40R21 1 (D222V):PWPR,1250073.0,TB2_TR_StatusLayonAtPosition,Apply tread - position,1,TB283,,2026-09-18 02:42:39.067,2026-09-18 02:43:35.980,125,PU
174535,992680953800,G1,100,2,285/40R21 1 (D222V):PWPR,1250073.0,TB2_TR_StatusLayonAtPosition,Apply tread - position,1,TB282,,2026-09-18 02:42:39.067,2026-09-18 02:43:35.980,125,PU
174535,992680953800,G1,100,2,285/40R21 1 (D222V):PWPR,1250073.0,TB2_TR_StatusLayonAtPosition,Apply tread - position,1,TB281,,2026-09-18 02:42:39.067,2026-09-18 02:43:35.980,125,PU
174535,992680953800,G1,100,2,285/40R21 1 (D222V):PWPR,1250073.0,TB2_TR_StatusLayonAtPosition,Apply tread - position,1,TB276,,2026-09-18 02:42:39.067,2026-09-18 02:43:35.980,125,PU
174535,992680953800,G1,100,2,285/40R21 1 (D222V):PWPR,1250071.0,TB2_TR_StatusCycleStopWithBeltStitcher,Belt stitcher - stop,0,TB264,,2026-09-18 02:42:39.067,2026-09-18 02:43:35.980,125,PU
174535,992680953800,G1,100,2,285/40R21 1 (D222V):PWPR,1250071.0,TB2_TR_StatusCycleStopWithBeltStitcher,Belt stitcher - stop,0,TB286,,2026-09-18 02:42:39.067,2026-09-18 02:43:35.980,125,PU
174535,992680953800,G1,100,2,285/40R21 1 (D222V):PWPR,1250071.0,TB2_TR_StatusCycleStopWithBeltStitcher,Belt stitcher - stop,0,TB285,,2026-09-18 02:42:39.067,2026-09-18 02:43:35.980,125,PU
174535,992680953800,G1,100,2,285/40R21 1 (D222V):PWPR,1250071.0,TB2_TR_StatusCycleStopWithBeltStitcher,Belt stitcher - stop,0,TB283,,2026-09-18 02:42:39.067,2026-09-18 02:43:35.980,125,PU
174535,992680953800,G1,100,2,285/40R21 1 (D222V):PWPR,1250071.0,TB2_TR_StatusCycleStopWithBeltStitcher,Belt stitcher - stop,0,TB282,,2026-09-18 02:42:39.067,2026-09-18 02:43:35.980,125,PU
174535,992680953800,G1,100,2,285/40R21 1 (D222V):PWPR,1250071.0,TB2_TR_StatusCycleStopWithBeltStitcher,Belt stitcher - stop,0,TB281,,2026-09-18 02:42:39.067,2026-09-18 02:43:35.980,125,PU
174535,992680953800,G1,100,2,285/40R21 1 (D222V):PWPR,1250071.0,TB2_TR_StatusCycleStopWithBeltStitcher,Belt stitcher - stop,0,TB276,,2026-09-18 02:42:39.067,2026-09-18 02:43:35.980,125,PU
174535,992680953800,G1,100,2,285/40R21 1 (D222V):PWPR,1250071.0,TB2_TR_StatusCycleStopWithBeltStitcher,Belt stitcher - stop,0,TB275,,2026-09-18 02:42:39.067,2026-09-18 02:43:35.980,125,PU
174535,992680953800,G1,100,2,285/40R21 1 (D222V):PWPR,1250071.0,TB2_TR_StatusCycleStopWithBeltStitcher,Belt stitcher - stop,0,TB274,,2026-09-18 02:42:39.067,2026-09-18 02:43:35.980,125,PU
174535,992680953800,G1,100,2,285/40R21 1 (D222V):PWPR,1250071.0,TB2_TR_StatusCycleStopWithBeltStitcher,Belt stitcher - stop,0,TB273,,2026-09-18 02:42:39.067,2026-09-18 02:43:35.980,125,PU
174535,992680953800,G1,100,2,285/40R21 1 (D222V):PWPR,1250071.0,TB2_TR_StatusCycleStopWithBeltStitcher,Belt stitcher - stop,0,TB272,,2026-09-18 02:42:39.067,2026-09-18 02:43:35.980,125,PU
174535,992680953800,G1,100,2,285/40R21 1 (D222V):PWPR,1250071.0,TB2_TR_StatusCycleStopWithBeltStitcher,Belt stitcher - stop,0,TB271,,2026-09-18 02:42:39.067,2026-09-18 02:43:35.980,125,PU
174535,992680953800,G1,100,2,285/40R21 1 (D222V):PWPR,1250071.0,TB2_TR_StatusCycleStopWithBeltStitcher,Belt stitcher - stop,0,TB263,,2026-09-18 02:42:39.067,2026-09-18 02:43:35.980,125,PU
174535,992680953800,G1,100,2,285/40R21 1 (D222V):PWPR,1250071.0,TB2_TR_StatusCycleStopWithBeltStitcher,Belt stitcher - stop,0,TB262,,2026-09-18 02:42:39.067,2026-09-18 02:43:35.980,125,PU
174535,992680953800,G1,100,2,285/40R21 1 (D222V):PWPR,1252098.0,TB2_BR_StatusLayon,BR apply - active,1,TB284,,2026-09-18 02:42:39.067,2026-09-18 02:43:35.980,125,PU
174535,992680953800,G1,100,2,285/40R21 1 (D222V):PWPR,1252098.0,TB2_BR_StatusLayon,BR apply - active,1,TB251,,2026-09-18 02:42:39.067,2026-09-18 02:43:35.980,125,PU
174535,992680953800,G1,100,2,285/40R21 1 (D222V):PWPR,1252098.0,TB2_BR_StatusLayon,BR apply - active,1,TB252,,2026-09-18 02:42:39.067,2026-09-18 02:43:35.980,125,PU
174535,992680953800,G1,100,2,285/40R21 1 (D222V):PWPR,1252098.0,TB2_BR_StatusLayon,BR apply - active,1,TB254,,2026-09-18 02:42:39.067,2026-09-18 02:43:35.980,125,PU
174535,992680953800,G1,100,2,285/40R21 1 (D222V):PWPR,1250103.0,TB2_CPL_StatusCycleStopRotationTurnTable,Turn table rotate - stop,0,TB272,,2026-09-18 02:42:39.067,2026-09-18 02:43:35.980,125,PU
174535,992680953800,G1,100,2,285/40R21 1 (D222V):PWPR,1250103.0,TB2_CPL_StatusCycleStopRotationTurnTable,Turn table rotate - stop,0,TB271,,2026-09-18 02:42:39.067,2026-09-18 02:43:35.980,125,PU
174535,992680953800,G1,100,2,285/40R21 1 (D222V):PWPR,1250103.0,TB2_CPL_StatusCycleStopRotationTurnTable,Turn table rotate - stop,0,TB263,,2026-09-18 02:42:39.067,2026-09-18 02:43:35.980,125,PU
174535,992680953800,G1,100,2,285/40R21 1 (D222V):PWPR,1250103.0,TB2_CPL_StatusCycleStopRotationTurnTable,Turn table rotate - stop,0,TB262,,2026-09-18 02:42:39.067,2026-09-18 02:43:35.980,125,PU
174535,992680953800,G1,100,2,285/40R21 1 (D222V):PWPR,1250103.0,TB2_CPL_StatusCycleStopRotationTurnTable,Turn table rotate - stop,0,TB261,,2026-09-18 02:42:39.067,2026-09-18 02:43:35.980,125,PU
174535,992680953800,G1,100,2,285/40R21 1 (D222V):PWPR,1250103.0,TB2_CPL_StatusCycleStopRotationTurnTable,Turn table rotate - stop,0,TB254,,2026-09-18 02:42:39.067,2026-09-18 02:43:35.980,125,PU
174535,992680953800,G1,100,2,285/40R21 1 (D222V):PWPR,1250103.0,TB2_CPL_StatusCycleStopRotationTurnTable,Turn table rotate - stop,0,TB252,,2026-09-18 02:42:39.067,2026-09-18 02:43:35.980,125,PU
174535,992680953800,G1,100,2,285/40R21 1 (D222V):PWPR,1250103.0,TB2_CPL_StatusCycleStopRotationTurnTable,Turn table rotate - stop,0,TB251,,2026-09-18 02:42:39.067,2026-09-18 02:43:35.980,125,PU
174535,992680953800,G1,100,2,285/40R21 1 (D222V):PWPR,1250103.0,TB2_CPL_StatusCycleStopRotationTurnTable,Turn table rotate - stop,0,TB284,,2026-09-18 02:42:39.067,2026-09-18 02:43:35.980,125,PU
174535,992680953800,G1,100,2,285/40R21 1 (D222V):PWPR,1250073.0,TB2_TR_StatusLayonAtPosition,Apply tread - position,1,TB275,,2026-09-18 02:42:39.067,2026-09-18 02:43:35.980,125,PU
174535,992680953800,G1,100,2,285/40R21 1 (D222V):PWPR,1250073.0,TB2_TR_StatusLayonAtPosition,Apply tread - position,1,TB274,,2026-09-18 02:42:39.067,2026-09-18 02:43:35.980,125,PU
174535,992680953800,G1,100,2,285/40R21 1 (D222V):PWPR,1250073.0,TB2_TR_StatusLayonAtPosition,Apply tread - position,1,TB273,,2026-09-18 02:42:39.067,2026-09-18 02:43:35.980,125,PU
174535,992680953800,G1,100,2,285/40R21 1 (D222V):PWPR,1250073.0,TB2_TR_StatusLayonAtPosition,Apply tread - position,1,TB272,,2026-09-18 02:42:39.067,2026-09-18 02:43:35.980,125,PU
174535,992680953800,G1,100,2,285/40R21 1 (D222V):PWPR,1250162.0,TB2_SH_StatusPositionBarcode,SH barcode position,0,TB284,,2026-09-18 02:42:39.067,2026-09-18 02:43:35.980,125,PU
174535,992680953800,G1,100,2,285/40R21 1 (D222V):PWPR,1250162.0,TB2_SH_StatusPositionBarcode,SH barcode position,0,TB251,,2026-09-18 02:42:39.067,2026-09-18 02:43:35.980,125,PU
174535,992680953800,G1,100,2,285/40R21 1 (D222V):PWPR,1250162.0,TB2_SH_StatusPositionBarcode,SH barcode position,0,TB252,,2026-09-18 02:42:39.067,2026-09-18 02:43:35.980,125,PU
174535,992680953800,G1,100,2,285/40R21 1 (D222V):PWPR,1250162.0,TB2_SH_StatusPositionBarcode,SH barcode position,0,TB254,,2026-09-18 02:42:39.067,2026-09-18 02:43:35.980,125,PU
174535,992680953800,G1,100,2,285/40R21 1 (D222V):PWPR,1250162.0,TB2_SH_StatusPositionBarcode,SH barcode position,0,TB261,,2026-09-18 02:42:39.067,2026-09-18 02:43:35.980,125,PU
174535,992680953800,G1,100,2,285/40R21 1 (D222V):PWPR,1250162.0,TB2_SH_StatusPositionBarcode,SH barcode position,0,TB262,,2026-09-18 02:42:39.067,2026-09-18 02:43:35.980,125,PU
174535,992680953800,G1,100,2,285/40R21 1 (D222V):PWPR,1250162.0,TB2_SH_StatusPositionBarcode,SH barcode position,0,TB263,,2026-09-18 02:42:39.067,2026-09-18 02:43:35.980,125,PU
174535,992680953800,G1,100,2,285/40R21 1 (D222V):PWPR,1250162.0,TB2_SH_StatusPositionBarcode,SH barcode position,0,TB271,,2026-09-18 02:42:39.067,2026-09-18 02:43:35.980,125,PU
174535,992680953800,G1,100,2,285/40R21 1 (D222V):PWPR,1250103.0,TB2_CPL_StatusCycleStopRotationTurnTable,Turn table rotate - stop,0,TB273,,2026-09-18 02:42:39.067,2026-09-18 02:43:35.980,125,PU
174535,992680953800,G1,100,2,285/40R21 1 (D222V):PWPR,1250103.0,TB2_CPL_StatusCycleStopRotationTurnTable,Turn table rotate - stop,0,TB274,,2026-09-18 02:42:39.067,2026-09-18 02:43:35.980,125,PU
174535,992680953800,G1,100,2,285/40R21 1 (D222V):PWPR,1250103.0,TB2_CPL_StatusCycleStopRotationTurnTable,Turn table rotate - stop,0,TB275,,2026-09-18 02:42:39.067,2026-09-18 02:43:35.980,125,PU
174535,992680953800,G1,100,2,285/40R21 1 (D222V):PWPR,1252098.0,TB2_BR_StatusLayon,BR apply - active,1,TB281,,2026-09-18 02:42:39.067,2026-09-18 02:43:35.980,125,PU
174535,992680953800,G1,100,2,285/40R21 1 (D222V):PWPR,1252098.0,TB2_BR_StatusLayon,BR apply - active,1,TB261,,2026-09-18 02:42:39.067,2026-09-18 02:43:35.980,125,PU
174535,992680953800,G1,100,2,285/40R21 1 (D222V):PWPR,1252098.0,TB2_BR_StatusLayon,BR apply - active,1,TB262,,2026-09-18 02:42:39.067,2026-09-18 02:43:35.980,125,PU
174535,992680953800,G1,100,2,285/40R21 1 (D222V):PWPR,1252098.0,TB2_BR_StatusLayon,BR apply - active,1,TB263,,2026-09-18 02:42:39.067,2026-09-18 02:43:35.980,125,PU
174535,992680953800,G1,100,2,285/40R21 1 (D222V):PWPR,1252098.0,TB2_BR_StatusLayon,BR apply - active,1,TB271,,2026-09-18 02:42:39.067,2026-09-18 02:43:35.980,125,PU
174535,992680953800,G1,100,2,285/40R21 1 (D222V):PWPR,1252098.0,TB2_BR_StatusLayon,BR apply - active,1,TB272,,2026-09-18 02:42:39.067,2026-09-18 02:43:35.980,125,PU
174535,992680953800,G1,100,2,285/40R21 1 (D222V):PWPR,1252098.0,TB2_BR_StatusLayon,BR apply - active,1,TB273,,2026-09-18 02:42:39.067,2026-09-18 02:43:35.980,125,PU
174535,992680953800,G1,100,2,285/40R21 1 (D222V):PWPR,1252098.0,TB2_BR_StatusLayon,BR apply - active,1,TB274,,2026-09-18 02:42:39.067,2026-09-18 02:43:35.980,125,PU
174535,992680953800,G1,100,2,285/40R21 1 (D222V):PWPR,1252098.0,TB2_BR_StatusLayon,BR apply - active,1,TB275,,2026-09-18 02:42:39.067,2026-09-18 02:43:35.980,125,PU
174535,992680953800,G1,100,2,285/40R21 1 (D222V):PWPR,1252098.0,TB2_BR_StatusLayon,BR apply - active,1,TB276,,2026-09-18 02:42:39.067,2026-09-18 02:43:35.980,125,PU
174535,992680953800,G1,100,2,285/40R21 1 (D222V):PWPR,1252098.0,TB2_BR_StatusLayon,BR apply - active,1,TB282,,2026-09-18 02:42:39.067,2026-09-18 02:43:35.980,125,PU
174535,992680953800,G1,100,2,285/40R21 1 (D222V):PWPR,1250103.0,TB2_CPL_StatusCycleStopRotationTurnTable,Turn table rotate - stop,0,TB276,,2026-09-18 02:42:39.067,2026-09-18 02:43:35.980,125,PU
174535,992680953800,G1,100,2,285/40R21 1 (D222V):PWPR,1252098.0,TB2_BR_StatusLayon,BR apply - active,1,TB283,,2026-09-18 02:42:39.067,2026-09-18 02:43:35.980,125,PU
174535,992680953800,G1,100,2,285/40R21 1 (D222V):PWPR,1252098.0,TB2_BR_StatusLayon,BR apply - active,1,TB285,,2026-09-18 02:42:39.067,2026-09-18 02:43:35.980,125,PU
174535,992680953800,G1,100,2,285/40R21 1 (D222V):PWPR,1252098.0,TB2_BR_StatusLayon,BR apply - active,1,TB286,,2026-09-18 02:42:39.067,2026-09-18 02:43:35.980,125,PU
174535,992680953800,G1,100,2,285/40R21 1 (D222V):PWPR,1252098.0,TB2_BR_StatusLayon,BR apply - active,1,TB264,,2026-09-18 02:42:39.067,2026-09-18 02:43:35.980,125,PU
174535,992680953800,G1,100,2,285/40R21 1 (D222V):PWPR,1250103.0,TB2_CPL_StatusCycleStopRotationTurnTable,Turn table rotate - stop,0,TB286,,2026-09-18 02:42:39.067,2026-09-18 02:43:35.980,125,PU
174535,992680953800,G1,100,2,285/40R21 1 (D222V):PWPR,1250103.0,TB2_CPL_StatusCycleStopRotationTurnTable,Turn table rotate - stop,0,TB285,,2026-09-18 02:42:39.067,2026-09-18 02:43:35.980,125,PU
174535,992680953800,G1,100,2,285/40R21 1 (D222V):PWPR,1250103.0,TB2_CPL_StatusCycleStopRotationTurnTable,Turn table rotate - stop,0,TB283,,2026-09-18 02:42:39.067,2026-09-18 02:43:35.980,125,PU
174535,992680953800,G1,100,2,285/40R21 1 (D222V):PWPR,1250103.0,TB2_CPL_StatusCycleStopRotationTurnTable,Turn table rotate - stop,0,TB282,,2026-09-18 02:42:39.067,2026-09-18 02:43:35.980,125,PU
174535,992680953800,G1,100,2,285/40R21 1 (D222V):PWPR,1250103.0,TB2_CPL_StatusCycleStopRotationTurnTable,Turn table rotate - stop,0,TB281,,2026-09-18 02:42:39.067,2026-09-18 02:43:35.980,125,PU
174535,992680953800,G1,100,2,285/40R21 1 (D222V):PWPR,1250122.0,TB2_BT_StatusManualActive,Pick up belt package - active,1,TB283,,2026-09-18 02:42:39.067,2026-09-18 02:43:35.980,125,PU
174535,992680953800,G1,100,2,285/40R21 1 (D222V):PWPR,1250122.0,TB2_BT_StatusManualActive,Pick up belt package - active,1,TB286,,2026-09-18 02:42:39.067,2026-09-18 02:43:35.980,125,PU
174535,992680953800,G1,100,2,285/40R21 1 (D222V):PWPR,1250300.0,TB2_CAL_StatusCarcassLoader,Automatic carcass loading ON(False)/OFF(True),0,TB276,,2026-09-18 02:42:39.067,2026-09-18 02:43:35.980,125,PU
174535,992680953800,G1,100,2,285/40R21 1 (D222V):PWPR,1250546.0,TB2_SPR_StatusSprayingLayer5Position4,Bottom Layer Pos.4 (Future Function),1,TB252,,2026-09-18 02:42:39.067,2026-09-18 02:43:35.980,125,PU
174535,992680953800,G1,100,2,285/40R21 1 (D222V):PWPR,1250546.0,TB2_SPR_StatusSprayingLayer5Position4,Bottom Layer Pos.4 (Future Function),1,TB284,,2026-09-18 02:42:39.067,2026-09-18 02:43:35.980,125,PU
174535,992680953800,G1,100,2,285/40R21 1 (D222V):PWPR,1250545.0,TB2_SPR_StatusSprayingLayer5Position3,Bottom Layer Pos.3 (Future Function),1,TB264,,2026-09-18 02:42:39.067,2026-09-18 02:43:35.980,125,PU
174535,992680953800,G1,100,2,285/40R21 1 (D222V):PWPR,1250110.0,TB2_CPL_StatusLayon,Apply cap ply - active,1,TB284,,2026-09-18 02:42:39.067,2026-09-18 02:43:35.980,125,PU
174535,992680953800,G1,100,2,285/40R21 1 (D222V):PWPR,1250110.0,TB2_CPL_StatusLayon,Apply cap ply - active,1,TB251,,2026-09-18 02:42:39.067,2026-09-18 02:43:35.980,125,PU
174535,992680953800,G1,100,2,285/40R21 1 (D222V):PWPR,1250110.0,TB2_CPL_StatusLayon,Apply cap ply - active,1,TB252,,2026-09-18 02:42:39.067,2026-09-18 02:43:35.980,125,PU
174535,992680953800,G1,100,2,285/40R21 1 (D222V):PWPR,1250110.0,TB2_CPL_StatusLayon,Apply cap ply - active,1,TB254,,2026-09-18 02:42:39.067,2026-09-18 02:43:35.980,125,PU
174535,992680953800,G1,100,2,285/40R21 1 (D222V):PWPR,1250110.0,TB2_CPL_StatusLayon,Apply cap ply - active,1,TB261,,2026-09-18 02:42:39.067,2026-09-18 02:43:35.980,125,PU
174535,992680953800,G1,100,2,285/40R21 1 (D222V):PWPR,1250110.0,TB2_CPL_StatusLayon,Apply cap ply - active,1,TB262,,2026-09-18 02:42:39.067,2026-09-18 02:43:35.980,125,PU
174535,992680953800,G1,100,2,285/40R21 1 (D222V):PWPR,1250110.0,TB2_CPL_StatusLayon,Apply cap ply - active,1,TB263,,2026-09-18 02:42:39.067,2026-09-18 02:43:35.980,125,PU
174535,992680953800,G1,100,2,285/40R21 1 (D222V):PWPR,1250110.0,TB2_CPL_StatusLayon,Apply cap ply - active,1,TB271,,2026-09-18 02:42:39.067,2026-09-18 02:43:35.980,125,PU
174535,992680953800,G1,100,2,285/40R21 1 (D222V):PWPR,1250110.0,TB2_CPL_StatusLayon,Apply cap ply - active,1,TB272,,2026-09-18 02:42:39.067,2026-09-18 02:43:35.980,125,PU
174535,992680953800,G1,100,2,285/40R21 1 (D222V):PWPR,1250110.0,TB2_CPL_StatusLayon,Apply cap ply - active,1,TB273,,2026-09-18 02:42:39.067,2026-09-18 02:43:35.980,125,PU
174535,992680953800,G1,100,2,285/40R21 1 (D222V):PWPR,1250110.0,TB2_CPL_StatusLayon,Apply cap ply - active,1,TB274,,2026-09-18 02:42:39.067,2026-09-18 02:43:35.980,125,PU
174535,992680953800,G1,100,2,285/40R21 1 (D222V):PWPR,1250110.0,TB2_CPL_StatusLayon,Apply cap ply - active,1,TB275,,2026-09-18 02:42:39.067,2026-09-18 02:43:35.980,125,PU
174535,992680953800,G1,100,2,285/40R21 1 (D222V):PWPR,1250110.0,TB2_CPL_StatusLayon,Apply cap ply - active,1,TB276,,2026-09-18 02:42:39.067,2026-09-18 02:43:35.980,125,PU
174535,992680953800,G1,100,2,285/40R21 1 (D222V):PWPR,1250110.0,TB2_CPL_StatusLayon,Apply cap ply - active,1,TB281,,2026-09-18 02:42:39.067,2026-09-18 02:43:35.980,125,PU
174535,992680953800,G1,100,2,285/40R21 1 (D222V):PWPR,1250110.0,TB2_CPL_StatusLayon,Apply cap ply - active,1,TB282,,2026-09-18 02:42:39.067,2026-09-18 02:43:35.980,125,PU
174535,992680953800,G1,100,2,285/40R21 1 (D222V):PWPR,1250110.0,TB2_CPL_StatusLayon,Apply cap ply - active,1,TB283,,2026-09-18 02:42:39.067,2026-09-18 02:43:35.980,125,PU
174535,992680953800,G1,100,2,285/40R21 1 (D222V):PWPR,1250110.0,TB2_CPL_StatusLayon,Apply cap ply - active,1,TB285,,2026-09-18 02:42:39.067,2026-09-18 02:43:35.980,125,PU
174535,992680953800,G1,100,2,285/40R21 1 (D222V):PWPR,1250110.0,TB2_CPL_StatusLayon,Apply cap ply - active,1,TB286,,2026-09-18 02:42:39.067,2026-09-18 02:43:35.980,125,PU
174535,992680953800,G1,100,2,285/40R21 1 (D222V):PWPR,1250110.0,TB2_CPL_StatusLayon,Apply cap ply - active,1,TB264,,2026-09-18 02:42:39.067,2026-09-18 02:43:35.980,125,PU
174535,992680953800,G1,100,2,285/40R21 1 (D222V):PWPR,1250546.0,TB2_SPR_StatusSprayingLayer5Position4,Bottom Layer Pos.4 (Future Function),1,TB251,,2026-09-18 02:42:39.067,2026-09-18 02:43:35.980,125,PU
174535,992680953800,G1,100,2,285/40R21 1 (D222V):PWPR,1250546.0,TB2_SPR_StatusSprayingLayer5Position4,Bottom Layer Pos.4 (Future Function),1,TB254,,2026-09-18 02:42:39.067,2026-09-18 02:43:35.980,125,PU
174535,992680953800,G1,100,2,285/40R21 1 (D222V):PWPR,1250123.0,TB2_BT_StatusManualAtPosition,Pick up belt package - position,1,TB272,,2026-09-18 02:42:39.067,2026-09-18 02:43:35.980,125,PU
174535,992680953800,G1,100,2,285/40R21 1 (D222V):PWPR,1250546.0,TB2_SPR_StatusSprayingLayer5Position4,Bottom Layer Pos.4 (Future Function),1,TB261,,2026-09-18 02:42:39.067,2026-09-18 02:43:35.980,125,PU
174535,992680953800,G1,100,2,285/40R21 1 (D222V):PWPR,1250123.0,TB2_BT_StatusManualAtPosition,Pick up belt package - position,1,TB263,,2026-09-18 02:42:39.067,2026-09-18 02:43:35.980,125,PU
174535,992680953800,G1,100,2,285/40R21 1 (D222V):PWPR,1250123.0,TB2_BT_StatusManualAtPosition,Pick up belt package - position,1,TB262,,2026-09-18 02:42:39.067,2026-09-18 02:43:35.980,125,PU
174535,992680953800,G1,100,2,285/40R21 1 (D222V):PWPR,1250123.0,TB2_BT_StatusManualAtPosition,Pick up belt package - position,1,TB261,,2026-09-18 02:42:39.067,2026-09-18 02:43:35.980,125,PU
174535,992680953800,G1,100,2,285/40R21 1 (D222V):PWPR,1250123.0,TB2_BT_StatusManualAtPosition,Pick up belt package - position,1,TB254,,2026-09-18 02:42:39.067,2026-09-18 02:43:35.980,125,PU
174535,992680953800,G1,100,2,285/40R21 1 (D222V):PWPR,1250123.0,TB2_BT_StatusManualAtPosition,Pick up belt package - position,1,TB252,,2026-09-18 02:42:39.067,2026-09-18 02:43:35.980,125,PU
174535,992680953800,G1,100,2,285/40R21 1 (D222V):PWPR,1250123.0,TB2_BT_StatusManualAtPosition,Pick up belt package - position,1,TB251,,2026-09-18 02:42:39.067,2026-09-18 02:43:35.980,125,PU
174535,992680953800,G1,100,2,285/40R21 1 (D222V):PWPR,1250123.0,TB2_BT_StatusManualAtPosition,Pick up belt package - position,1,TB284,,2026-09-18 02:42:39.067,2026-09-18 02:43:35.980,125,PU
174535,992680953800,G1,100,2,285/40R21 1 (D222V):PWPR,1250546.0,TB2_SPR_StatusSprayingLayer5Position4,Bottom Layer Pos.4 (Future Function),1,TB264,,2026-09-18 02:42:39.067,2026-09-18 02:43:35.980,125,PU
174535,992680953800,G1,100,2,285/40R21 1 (D222V):PWPR,1250546.0,TB2_SPR_StatusSprayingLayer5Position4,Bottom Layer Pos.4 (Future Function),1,TB286,,2026-09-18 02:42:39.067,2026-09-18 02:43:35.980,125,PU
174535,992680953800,G1,100,2,285/40R21 1 (D222V):PWPR,1250546.0,TB2_SPR_StatusSprayingLayer5Position4,Bottom Layer Pos.4 (Future Function),1,TB285,,2026-09-18 02:42:39.067,2026-09-18 02:43:35.980,125,PU
174535,992680953800,G1,100,2,285/40R21 1 (D222V):PWPR,1250546.0,TB2_SPR_StatusSprayingLayer5Position4,Bottom Layer Pos.4 (Future Function),1,TB283,,2026-09-18 02:42:39.067,2026-09-18 02:43:35.980,125,PU
174535,992680953800,G1,100,2,285/40R21 1 (D222V):PWPR,1250546.0,TB2_SPR_StatusSprayingLayer5Position4,Bottom Layer Pos.4 (Future Function),1,TB282,,2026-09-18 02:42:39.067,2026-09-18 02:43:35.980,125,PU
174535,992680953800,G1,100,2,285/40R21 1 (D222V):PWPR,1250546.0,TB2_SPR_StatusSprayingLayer5Position4,Bottom Layer Pos.4 (Future Function),1,TB281,,2026-09-18 02:42:39.067,2026-09-18 02:43:35.980,125,PU
174535,992680953800,G1,100,2,285/40R21 1 (D222V):PWPR,1250546.0,TB2_SPR_StatusSprayingLayer5Position4,Bottom Layer Pos.4 (Future Function),1,TB276,,2026-09-18 02:42:39.067,2026-09-18 02:43:35.980,125,PU
174535,992680953800,G1,100,2,285/40R21 1 (D222V):PWPR,1250546.0,TB2_SPR_StatusSprayingLayer5Position4,Bottom Layer Pos.4 (Future Function),1,TB275,,2026-09-18 02:42:39.067,2026-09-18 02:43:35.980,125,PU
174535,992680953800,G1,100,2,285/40R21 1 (D222V):PWPR,1250546.0,TB2_SPR_StatusSprayingLayer5Position4,Bottom Layer Pos.4 (Future Function),1,TB274,,2026-09-18 02:42:39.067,2026-09-18 02:43:35.980,125,PU
174535,992680953800,G1,100,2,285/40R21 1 (D222V):PWPR,1250546.0,TB2_SPR_StatusSprayingLayer5Position4,Bottom Layer Pos.4 (Future Function),1,TB273,,2026-09-18 02:42:39.067,2026-09-18 02:43:35.980,125,PU
174535,992680953800,G1,100,2,285/40R21 1 (D222V):PWPR,1250546.0,TB2_SPR_StatusSprayingLayer5Position4,Bottom Layer Pos.4 (Future Function),1,TB272,,2026-09-18 02:42:39.067,2026-09-18 02:43:35.980,125,PU
174535,992680953800,G1,100,2,285/40R21 1 (D222V):PWPR,1250546.0,TB2_SPR_StatusSprayingLayer5Position4,Bottom Layer Pos.4 (Future Function),1,TB271,,2026-09-18 02:42:39.067,2026-09-18 02:43:35.980,125,PU
174535,992680953800,G1,100,2,285/40R21 1 (D222V):PWPR,1250546.0,TB2_SPR_StatusSprayingLayer5Position4,Bottom Layer Pos.4 (Future Function),1,TB263,,2026-09-18 02:42:39.067,2026-09-18 02:43:35.980,125,PU
174535,992680953800,G1,100,2,285/40R21 1 (D222V):PWPR,1250546.0,TB2_SPR_StatusSprayingLayer5Position4,Bottom Layer Pos.4 (Future Function),1,TB262,,2026-09-18 02:42:39.067,2026-09-18 02:43:35.980,125,PU
174535,992680953800,G1,100,2,285/40R21 1 (D222V):PWPR,1252612.0,TB2_SH_Status Pressure Control,TB2_SH_Status Pressure Control,0,TB284,,2026-09-18 02:42:39.067,2026-09-18 02:43:35.980,125,PU
174535,992680953800,G1,100,2,285/40R21 1 (D222V):PWPR,1252612.0,TB2_SH_Status Pressure Control,TB2_SH_Status Pressure Control,0,TB251,,2026-09-18 02:42:39.067,2026-09-18 02:43:35.980,125,PU
174535,992680953800,G1,100,2,285/40R21 1 (D222V):PWPR,1252612.0,TB2_SH_Status Pressure Control,TB2_SH_Status Pressure Control,0,TB252,,2026-09-18 02:42:39.067,2026-09-18 02:43:35.980,125,PU
174535,992680953800,G1,100,2,285/40R21 1 (D222V):PWPR,1252612.0,TB2_SH_Status Pressure Control,TB2_SH_Status Pressure Control,0,TB254,,2026-09-18 02:42:39.067,2026-09-18 02:43:35.980,125,PU
174535,992680953800,G1,100,2,285/40R21 1 (D222V):PWPR,1250545.0,TB2_SPR_StatusSprayingLayer5Position3,Bottom Layer Pos.3 (Future Function),1,TB272,,2026-09-18 02:42:39.067,2026-09-18 02:43:35.980,125,PU
174535,992680953800,G1,100,2,285/40R21 1 (D222V):PWPR,1250545.0,TB2_SPR_StatusSprayingLayer5Position3,Bottom Layer Pos.3 (Future Function),1,TB271,,2026-09-18 02:42:39.067,2026-09-18 02:43:35.980,125,PU
174535,992680953800,G1,100,2,285/40R21 1 (D222V):PWPR,1250545.0,TB2_SPR_StatusSprayingLayer5Position3,Bottom Layer Pos.3 (Future Function),1,TB263,,2026-09-18 02:42:39.067,2026-09-18 02:43:35.980,125,PU
174535,992680953800,G1,100,2,285/40R21 1 (D222V):PWPR,1250545.0,TB2_SPR_StatusSprayingLayer5Position3,Bottom Layer Pos.3 (Future Function),1,TB262,,2026-09-18 02:42:39.067,2026-09-18 02:43:35.980,125,PU
174535,992680953800,G1,100,2,285/40R21 1 (D222V):PWPR,1250545.0,TB2_SPR_StatusSprayingLayer5Position3,Bottom Layer Pos.3 (Future Function),1,TB261,,2026-09-18 02:42:39.067,2026-09-18 02:43:35.980,125,PU
174535,992680953800,G1,100,2,285/40R21 1 (D222V):PWPR,1250545.0,TB2_SPR_StatusSprayingLayer5Position3,Bottom Layer Pos.3 (Future Function),1,TB254,,2026-09-18 02:42:39.067,2026-09-18 02:43:35.980,125,PU
174535,992680953800,G1,100,2,285/40R21 1 (D222V):PWPR,1250545.0,TB2_SPR_StatusSprayingLayer5Position3,Bottom Layer Pos.3 (Future Function),1,TB252,,2026-09-18 02:42:39.067,2026-09-18 02:43:35.980,125,PU
174535,992680953800,G1,100,2,285/40R21 1 (D222V):PWPR,1250545.0,TB2_SPR_StatusSprayingLayer5Position3,Bottom Layer Pos.3 (Future Function),1,TB251,,2026-09-18 02:42:39.067,2026-09-18 02:43:35.980,125,PU
174535,992680953800,G1,100,2,285/40R21 1 (D222V):PWPR,1250545.0,TB2_SPR_StatusSprayingLayer5Position3,Bottom Layer Pos.3 (Future Function),1,TB284,,2026-09-18 02:42:39.067,2026-09-18 02:43:35.980,125,PU
174535,992680953800,G1,100,2,285/40R21 1 (D222V):PWPR,1250300.0,TB2_CAL_StatusCarcassLoader,Automatic carcass loading ON(False)/OFF(True),0,TB284,,2026-09-18 02:42:39.067,2026-09-18 02:43:35.980,125,PU
174535,992680953800,G1,100,2,285/40R21 1 (D222V):PWPR,1250300.0,TB2_CAL_StatusCarcassLoader,Automatic carcass loading ON(False)/OFF(True),0,TB251,,2026-09-18 02:42:39.067,2026-09-18 02:43:35.980,125,PU
174535,992680953800,G1,100,2,285/40R21 1 (D222V):PWPR,1250300.0,TB2_CAL_StatusCarcassLoader,Automatic carcass loading ON(False)/OFF(True),0,TB252,,2026-09-18 02:42:39.067,2026-09-18 02:43:35.980,125,PU
174535,992680953800,G1,100,2,285/40R21 1 (D222V):PWPR,1250300.0,TB2_CAL_StatusCarcassLoader,Automatic carcass loading ON(False)/OFF(True),0,TB254,,2026-09-18 02:42:39.067,2026-09-18 02:43:35.980,125,PU
174535,992680953800,G1,100,2,285/40R21 1 (D222V):PWPR,1250300.0,TB2_CAL_StatusCarcassLoader,Automatic carcass loading ON(False)/OFF(True),0,TB261,,2026-09-18 02:42:39.067,2026-09-18 02:43:35.980,125,PU
174535,992680953800,G1,100,2,285/40R21 1 (D222V):PWPR,1250300.0,TB2_CAL_StatusCarcassLoader,Automatic carcass loading ON(False)/OFF(True),0,TB262,,2026-09-18 02:42:39.067,2026-09-18 02:43:35.980,125,PU
174535,992680953800,G1,100,2,285/40R21 1 (D222V):PWPR,1250300.0,TB2_CAL_StatusCarcassLoader,Automatic carcass loading ON(False)/OFF(True),0,TB263,,2026-09-18 02:42:39.067,2026-09-18 02:43:35.980,125,PU
174535,992680953800,G1,100,2,285/40R21 1 (D222V):PWPR,1250300.0,TB2_CAL_StatusCarcassLoader,Automatic carcass loading ON(False)/OFF(True),0,TB271,,2026-09-18 02:42:39.067,2026-09-18 02:43:35.980,125,PU
174535,992680953800,G1,100,2,285/40R21 1 (D222V):PWPR,1250300.0,TB2_CAL_StatusCarcassLoader,Automatic carcass loading ON(False)/OFF(True),0,TB272,,2026-09-18 02:42:39.067,2026-09-18 02:43:35.980,125,PU
174535,992680953800,G1,100,2,285/40R21 1 (D222V):PWPR,1250300.0,TB2_CAL_StatusCarcassLoader,Automatic carcass loading ON(False)/OFF(True),0,TB273,,2026-09-18 02:42:39.067,2026-09-18 02:43:35.980,125,PU
174535,992680953800,G1,100,2,285/40R21 1 (D222V):PWPR,1250300.0,TB2_CAL_StatusCarcassLoader,Automatic carcass loading ON(False)/OFF(True),0,TB274,,2026-09-18 02:42:39.067,2026-09-18 02:43:35.980,125,PU
174535,992680953800,G1,100,2,285/40R21 1 (D222V):PWPR,1250300.0,TB2_CAL_StatusCarcassLoader,Automatic carcass loading ON(False)/OFF(True),0,TB275,,2026-09-18 02:42:39.067,2026-09-18 02:43:35.980,125,PU
174535,992680953800,G1,100,2,285/40R21 1 (D222V):PWPR,1250545.0,TB2_SPR_StatusSprayingLayer5Position3,Bottom Layer Pos.3 (Future Function),1,TB273,,2026-09-18 02:42:39.067,2026-09-18 02:43:35.980,125,PU
174535,992680953800,G1,100,2,285/40R21 1 (D222V):PWPR,1250545.0,TB2_SPR_StatusSprayingLayer5Position3,Bottom Layer Pos.3 (Future Function),1,TB274,,2026-09-18 02:42:39.067,2026-09-18 02:43:35.980,125,PU
174535,992680953800,G1,100,2,285/40R21 1 (D222V):PWPR,1250545.0,TB2_SPR_StatusSprayingLayer5Position3,Bottom Layer Pos.3 (Future Function),1,TB275,,2026-09-18 02:42:39.067,2026-09-18 02:43:35.980,125,PU
174535,992680953800,G1,100,2,285/40R21 1 (D222V):PWPR,1252612.0,TB2_SH_Status Pressure Control,TB2_SH_Status Pressure Control,0,TB281,,2026-09-18 02:42:39.067,2026-09-18 02:43:35.980,125,PU
174535,992680953800,G1,100,2,285/40R21 1 (D222V):PWPR,1252612.0,TB2_SH_Status Pressure Control,TB2_SH_Status Pressure Control,0,TB261,,2026-09-18 02:42:39.067,2026-09-18 02:43:35.980,125,PU
174535,992680953800,G1,100,2,285/40R21 1 (D222V):PWPR,1252612.0,TB2_SH_Status Pressure Control,TB2_SH_Status Pressure Control,0,TB262,,2026-09-18 02:42:39.067,2026-09-18 02:43:35.980,125,PU
174535,992680953800,G1,100,2,285/40R21 1 (D222V):PWPR,1252612.0,TB2_SH_Status Pressure Control,TB2_SH_Status Pressure Control,0,TB263,,2026-09-18 02:42:39.067,2026-09-18 02:43:35.980,125,PU
174535,992680953800,G1,100,2,285/40R21 1 (D222V):PWPR,1252612.0,TB2_SH_Status Pressure Control,TB2_SH_Status Pressure Control,0,TB271,,2026-09-18 02:42:39.067,2026-09-18 02:43:35.980,125,PU
174535,992680953800,G1,100,2,285/40R21 1 (D222V):PWPR,1252612.0,TB2_SH_Status Pressure Control,TB2_SH_Status Pressure Control,0,TB272,,2026-09-18 02:42:39.067,2026-09-18 02:43:35.980,125,PU
174535,992680953800,G1,100,2,285/40R21 1 (D222V):PWPR,1252612.0,TB2_SH_Status Pressure Control,TB2_SH_Status Pressure Control,0,TB273,,2026-09-18 02:42:39.067,2026-09-18 02:43:35.980,125,PU
174535,992680953800,G1,100,2,285/40R21 1 (D222V):PWPR,1252612.0,TB2_SH_Status Pressure Control,TB2_SH_Status Pressure Control,0,TB274,,2026-09-18 02:42:39.067,2026-09-18 02:43:35.980,125,PU
174535,992680953800,G1,100,2,285/40R21 1 (D222V):PWPR,1252612.0,TB2_SH_Status Pressure Control,TB2_SH_Status Pressure Control,0,TB275,,2026-09-18 02:42:39.067,2026-09-18 02:43:35.980,125,PU
174535,992680953800,G1,100,2,285/40R21 1 (D222V):PWPR,1252612.0,TB2_SH_Status Pressure Control,TB2_SH_Status Pressure Control,0,TB276,,2026-09-18 02:42:39.067,2026-09-18 02:43:35.980,125,PU
174535,992680953800,G1,100,2,285/40R21 1 (D222V):PWPR,1252612.0,TB2_SH_Status Pressure Control,TB2_SH_Status Pressure Control,0,TB282,,2026-09-18 02:42:39.067,2026-09-18 02:43:35.980,125,PU
174535,992680953800,G1,100,2,285/40R21 1 (D222V):PWPR,1250545.0,TB2_SPR_StatusSprayingLayer5Position3,Bottom Layer Pos.3 (Future Function),1,TB276,,2026-09-18 02:42:39.067,2026-09-18 02:43:35.980,125,PU
174535,992680953800,G1,100,2,285/40R21 1 (D222V):PWPR,1252612.0,TB2_SH_Status Pressure Control,TB2_SH_Status Pressure Control,0,TB283,,2026-09-18 02:42:39.067,2026-09-18 02:43:35.980,125,PU
174535,992680953800,G1,100,2,285/40R21 1 (D222V):PWPR,1252612.0,TB2_SH_Status Pressure Control,TB2_SH_Status Pressure Control,0,TB285,,2026-09-18 02:42:39.067,2026-09-18 02:43:35.980,125,PU
174535,992680953800,G1,100,2,285/40R21 1 (D222V):PWPR,1252612.0,TB2_SH_Status Pressure Control,TB2_SH_Status Pressure Control,0,TB286,,2026-09-18 02:42:39.067,2026-09-18 02:43:35.980,125,PU
174535,992680953800,G1,100,2,285/40R21 1 (D222V):PWPR,1252612.0,TB2_SH_Status Pressure Control,TB2_SH_Status Pressure Control,0,TB264,,2026-09-18 02:42:39.067,2026-09-18 02:43:35.980,125,PU
174535,992680953800,G1,100,2,285/40R21 1 (D222V):PWPR,1250545.0,TB2_SPR_StatusSprayingLayer5Position3,Bottom Layer Pos.3 (Future Function),1,TB286,,2026-09-18 02:42:39.067,2026-09-18 02:43:35.980,125,PU
174535,992680953800,G1,100,2,285/40R21 1 (D222V):PWPR,1250545.0,TB2_SPR_StatusSprayingLayer5Position3,Bottom Layer Pos.3 (Future Function),1,TB285,,2026-09-18 02:42:39.067,2026-09-18 02:43:35.980,125,PU
174535,992680953800,G1,100,2,285/40R21 1 (D222V):PWPR,1250545.0,TB2_SPR_StatusSprayingLayer5Position3,Bottom Layer Pos.3 (Future Function),1,TB283,,2026-09-18 02:42:39.067,2026-09-18 02:43:35.980,125,PU
174535,992680953800,G1,100,2,285/40R21 1 (D222V):PWPR,1250545.0,TB2_SPR_StatusSprayingLayer5Position3,Bottom Layer Pos.3 (Future Function),1,TB282,,2026-09-18 02:42:39.067,2026-09-18 02:43:35.980,125,PU
174535,992680953800,G1,100,2,285/40R21 1 (D222V):PWPR,1250545.0,TB2_SPR_StatusSprayingLayer5Position3,Bottom Layer Pos.3 (Future Function),1,TB281,,2026-09-18 02:42:39.067,2026-09-18 02:43:35.980,125,PU
174535,992680953800,G1,100,2,285/40R21 1 (D222V):PWPR,1250123.0,TB2_BT_StatusManualAtPosition,Pick up belt package - position,1,TB271,,2026-09-18 02:42:39.067,2026-09-18 02:43:35.980,125,PU
174535,992680953800,G1,100,2,285/40R21 1 (D222V):PWPR,1250123.0,TB2_BT_StatusManualAtPosition,Pick up belt package - position,1,TB273,,2026-09-18 02:42:39.067,2026-09-18 02:43:35.980,125,PU
174535,992680953800,G1,100,2,285/40R21 1 (D222V):PWPR,1250122.0,TB2_BT_StatusManualActive,Pick up belt package - active,1,TB264,,2026-09-18 02:42:39.067,2026-09-18 02:43:35.980,125,PU
174535,992680953800,G1,100,2,285/40R21 1 (D222V):PWPR,1252087.0,TB2_BL_StatusCycleStop,BL apply - stop,1,TB281,,2026-09-18 02:42:39.067,2026-09-18 02:43:35.980,125,PU
174535,992680953800,G1,100,2,285/40R21 1 (D222V):PWPR,1252087.0,TB2_BL_StatusCycleStop,BL apply - stop,1,TB275,,2026-09-18 02:42:39.067,2026-09-18 02:43:35.980,125,PU
174535,992680953800,G1,100,2,285/40R21 1 (D222V):PWPR,1252087.0,TB2_BL_StatusCycleStop,BL apply - stop,1,TB274,,2026-09-18 02:42:39.067,2026-09-18 02:43:35.980,125,PU
174535,992680953800,G1,100,2,285/40R21 1 (D222V):PWPR,1252087.0,TB2_BL_StatusCycleStop,BL apply - stop,1,TB273,,2026-09-18 02:42:39.067,2026-09-18 02:43:35.980,125,PU
174535,992680953800,G1,100,2,285/40R21 1 (D222V):PWPR,1252087.0,TB2_BL_StatusCycleStop,BL apply - stop,1,TB272,,2026-09-18 02:42:39.067,2026-09-18 02:43:35.980,125,PU
174535,992680953800,G1,100,2,285/40R21 1 (D222V):PWPR,1252087.0,TB2_BL_StatusCycleStop,BL apply - stop,1,TB271,,2026-09-18 02:42:39.067,2026-09-18 02:43:35.980,125,PU
174535,992680953800,G1,100,2,285/40R21 1 (D222V):PWPR,1252087.0,TB2_BL_StatusCycleStop,BL apply - stop,1,TB263,,2026-09-18 02:42:39.067,2026-09-18 02:43:35.980,125,PU
174535,992680953800,G1,100,2,285/40R21 1 (D222V):PWPR,1252087.0,TB2_BL_StatusCycleStop,BL apply - stop,1,TB262,,2026-09-18 02:42:39.067,2026-09-18 02:43:35.980,125,PU
174535,992680953800,G1,100,2,285/40R21 1 (D222V):PWPR,1252087.0,TB2_BL_StatusCycleStop,BL apply - stop,1,TB261,,2026-09-18 02:42:39.067,2026-09-18 02:43:35.980,125,PU
174535,992680953800,G1,100,2,285/40R21 1 (D222V):PWPR,1252087.0,TB2_BL_StatusCycleStop,BL apply - stop,1,TB254,,2026-09-18 02:42:39.067,2026-09-18 02:43:35.980,125,PU
174535,992680953800,G1,100,2,285/40R21 1 (D222V):PWPR,1252087.0,TB2_BL_StatusCycleStop,BL apply - stop,1,TB252,,2026-09-18 02:42:39.067,2026-09-18 02:43:35.980,125,PU
174535,992680953800,G1,100,2,285/40R21 1 (D222V):PWPR,1252087.0,TB2_BL_StatusCycleStop,BL apply - stop,1,TB251,,2026-09-18 02:42:39.067,2026-09-18 02:43:35.980,125,PU
174535,992680953800,G1,100,2,285/40R21 1 (D222V):PWPR,1252087.0,TB2_BL_StatusCycleStop,BL apply - stop,1,TB284,,2026-09-18 02:42:39.067,2026-09-18 02:43:35.980,125,PU
174535,992680953800,G1,100,2,285/40R21 1 (D222V):PWPR,1250321.0,TB2_SH_StatusBoosterOption,SH extend recipe shap sttings (ON/OFF),1,TB283,,2026-09-18 02:42:39.067,2026-09-18 02:43:35.980,125,PU
174535,992680953800,G1,100,2,285/40R21 1 (D222V):PWPR,1250321.0,TB2_SH_StatusBoosterOption,SH extend recipe shap sttings (ON/OFF),1,TB285,,2026-09-18 02:42:39.067,2026-09-18 02:43:35.980,125,PU
174535,992680953800,G1,100,2,285/40R21 1 (D222V):PWPR,1250321.0,TB2_SH_StatusBoosterOption,SH extend recipe shap sttings (ON/OFF),1,TB286,,2026-09-18 02:42:39.067,2026-09-18 02:43:35.980,125,PU
174535,992680953800,G1,100,2,285/40R21 1 (D222V):PWPR,1250321.0,TB2_SH_StatusBoosterOption,SH extend recipe shap sttings (ON/OFF),1,TB264,,2026-09-18 02:42:39.067,2026-09-18 02:43:35.980,125,PU
174535,992680953800,G1,100,2,285/40R21 1 (D222V):PWPR,1250073.0,TB2_TR_StatusLayonAtPosition,Apply tread - position,1,TB271,,2026-09-18 02:42:39.067,2026-09-18 02:43:35.980,125,PU
174535,992680953800,G1,100,2,285/40R21 1 (D222V):PWPR,1250073.0,TB2_TR_StatusLayonAtPosition,Apply tread - position,1,TB263,,2026-09-18 02:42:39.067,2026-09-18 02:43:35.980,125,PU
174535,992680953800,G1,100,2,285/40R21 1 (D222V):PWPR,1250073.0,TB2_TR_StatusLayonAtPosition,Apply tread - position,1,TB262,,2026-09-18 02:42:39.067,2026-09-18 02:43:35.980,125,PU
174535,992680953800,G1,100,2,285/40R21 1 (D222V):PWPR,1250073.0,TB2_TR_StatusLayonAtPosition,Apply tread - position,1,TB261,,2026-09-18 02:42:39.067,2026-09-18 02:43:35.980,125,PU
174535,992680953800,G1,100,2,285/40R21 1 (D222V):PWPR,1250073.0,TB2_TR_StatusLayonAtPosition,Apply tread - position,1,TB254,,2026-09-18 02:42:39.067,2026-09-18 02:43:35.980,125,PU
174535,992680953800,G1,100,2,285/40R21 1 (D222V):PWPR,1252087.0,TB2_BL_StatusCycleStop,BL apply - stop,1,TB276,,2026-09-18 02:42:39.067,2026-09-18 02:43:35.980,125,PU
174535,992680953800,G1,100,2,285/40R21 1 (D222V):PWPR,1252087.0,TB2_BL_StatusCycleStop,BL apply - stop,1,TB282,,2026-09-18 02:42:39.067,2026-09-18 02:43:35.980,125,PU
174535,992680953800,G1,100,2,285/40R21 1 (D222V):PWPR,1250123.0,TB2_BT_StatusManualAtPosition,Pick up belt package - position,1,TB274,,2026-09-18 02:42:39.067,2026-09-18 02:43:35.980,125,PU
174535,992680953800,G1,100,2,285/40R21 1 (D222V):PWPR,1252087.0,TB2_BL_StatusCycleStop,BL apply - stop,1,TB283,,2026-09-18 02:42:39.067,2026-09-18 02:43:35.980,125,PU
174535,992680953800,G1,100,2,285/40R21 1 (D222V):PWPR,1250072.0,TB2_TR_StatusLayon,Apply tread - active,1,TB284,,2026-09-18 02:42:39.067,2026-09-18 02:43:35.980,125,PU
174535,992680953800,G1,100,2,285/40R21 1 (D222V):PWPR,1250072.0,TB2_TR_StatusLayon,Apply tread - active,1,TB251,,2026-09-18 02:42:39.067,2026-09-18 02:43:35.980,125,PU
174535,992680953800,G1,100,2,285/40R21 1 (D222V):PWPR,1250072.0,TB2_TR_StatusLayon,Apply tread - active,1,TB252,,2026-09-18 02:42:39.067,2026-09-18 02:43:35.980,125,PU
174535,992680953800,G1,100,2,285/40R21 1 (D222V):PWPR,1250072.0,TB2_TR_StatusLayon,Apply tread - active,1,TB254,,2026-09-18 02:42:39.067,2026-09-18 02:43:35.980,125,PU
174535,992680953800,G1,100,2,285/40R21 1 (D222V):PWPR,1250072.0,TB2_TR_StatusLayon,Apply tread - active,1,TB261,,2026-09-18 02:42:39.067,2026-09-18 02:43:35.980,125,PU
174535,992680953800,G1,100,2,285/40R21 1 (D222V):PWPR,1250072.0,TB2_TR_StatusLayon,Apply tread - active,1,TB262,,2026-09-18 02:42:39.067,2026-09-18 02:43:35.980,125,PU
174535,992680953800,G1,100,2,285/40R21 1 (D222V):PWPR,1250072.0,TB2_TR_StatusLayon,Apply tread - active,1,TB263,,2026-09-18 02:42:39.067,2026-09-18 02:43:35.980,125,PU
174535,992680953800,G1,100,2,285/40R21 1 (D222V):PWPR,1250072.0,TB2_TR_StatusLayon,Apply tread - active,1,TB271,,2026-09-18 02:42:39.067,2026-09-18 02:43:35.980,125,PU
174535,992680953800,G1,100,2,285/40R21 1 (D222V):PWPR,1250072.0,TB2_TR_StatusLayon,Apply tread - active,1,TB272,,2026-09-18 02:42:39.067,2026-09-18 02:43:35.980,125,PU
174535,992680953800,G1,100,2,285/40R21 1 (D222V):PWPR,1250072.0,TB2_TR_StatusLayon,Apply tread - active,1,TB273,,2026-09-18 02:42:39.067,2026-09-18 02:43:35.980,125,PU
174535,992680953800,G1,100,2,285/40R21 1 (D222V):PWPR,1250072.0,TB2_TR_StatusLayon,Apply tread - active,1,TB274,,2026-09-18 02:42:39.067,2026-09-18 02:43:35.980,125,PU
174535,992680953800,G1,100,2,285/40R21 1 (D222V):PWPR,1250072.0,TB2_TR_StatusLayon,Apply tread - active,1,TB275,,2026-09-18 02:42:39.067,2026-09-18 02:43:35.980,125,PU
174535,992680953800,G1,100,2,285/40R21 1 (D222V):PWPR,1250072.0,TB2_TR_StatusLayon,Apply tread - active,1,TB276,,2026-09-18 02:42:39.067,2026-09-18 02:43:35.980,125,PU
174535,992680953800,G1,100,2,285/40R21 1 (D222V):PWPR,1250072.0,TB2_TR_StatusLayon,Apply tread - active,1,TB281,,2026-09-18 02:42:39.067,2026-09-18 02:43:35.980,125,PU
174535,992680953800,G1,100,2,285/40R21 1 (D222V):PWPR,1250072.0,TB2_TR_StatusLayon,Apply tread - active,1,TB282,,2026-09-18 02:42:39.067,2026-09-18 02:43:35.980,125,PU
174535,992680953800,G1,100,2,285/40R21 1 (D222V):PWPR,1250072.0,TB2_TR_StatusLayon,Apply tread - active,1,TB283,,2026-09-18 02:42:39.067,2026-09-18 02:43:35.980,125,PU
174535,992680953800,G1,100,2,285/40R21 1 (D222V):PWPR,1250072.0,TB2_TR_StatusLayon,Apply tread - active,1,TB285,,2026-09-18 02:42:39.067,2026-09-18 02:43:35.980,125,PU
174535,992680953800,G1,100,2,285/40R21 1 (D222V):PWPR,1250072.0,TB2_TR_StatusLayon,Apply tread - active,1,TB286,,2026-09-18 02:42:39.067,2026-09-18 02:43:35.980,125,PU
174535,992680953800,G1,100,2,285/40R21 1 (D222V):PWPR,1250072.0,TB2_TR_StatusLayon,Apply tread - active,1,TB264,,2026-09-18 02:42:39.067,2026-09-18 02:43:35.980,125,PU
174535,992680953800,G1,100,2,285/40R21 1 (D222V):PWPR,1252087.0,TB2_BL_StatusCycleStop,BL apply - stop,1,TB286,,2026-09-18 02:42:39.067,2026-09-18 02:43:35.980,125,PU
174535,992680953800,G1,100,2,285/40R21 1 (D222V):PWPR,1252087.0,TB2_BL_StatusCycleStop,BL apply - stop,1,TB285,,2026-09-18 02:42:39.067,2026-09-18 02:43:35.980,125,PU
174535,992680953800,G1,100,2,285/40R21 1 (D222V):PWPR,1250073.0,TB2_TR_StatusLayonAtPosition,Apply tread - position,1,TB252,,2026-09-18 02:42:39.067,2026-09-18 02:43:35.980,125,PU
174535,992680953800,G1,100,2,285/40R21 1 (D222V):PWPR,1250073.0,TB2_TR_StatusLayonAtPosition,Apply tread - position,1,TB251,,2026-09-18 02:42:39.067,2026-09-18 02:43:35.980,125,PU
174535,992680953800,G1,100,2,285/40R21 1 (D222V):PWPR,1250073.0,TB2_TR_StatusLayonAtPosition,Apply tread - position,1,TB284,,2026-09-18 02:42:39.067,2026-09-18 02:43:35.980,125,PU
174535,992680953800,G1,100,2,285/40R21 1 (D222V):PWPR,1250123.0,TB2_BT_StatusManualAtPosition,Pick up belt package - position,1,TB264,,2026-09-18 02:42:39.067,2026-09-18 02:43:35.980,125,PU
174535,992680953800,G1,100,2,285/40R21 1 (D222V):PWPR,1250109.0,TB2_CPL_StatusCycleStop,Apply cap ply - stop,0,TB286,,2026-09-18 02:42:39.067,2026-09-18 02:43:35.980,125,PU
174535,992680953800,G1,100,2,285/40R21 1 (D222V):PWPR,1250109.0,TB2_CPL_StatusCycleStop,Apply cap ply - stop,0,TB264,,2026-09-18 02:42:39.067,2026-09-18 02:43:35.980,125,PU
174535,992680953800,G1,100,2,285/40R21 1 (D222V):PWPR,1250111.0,TB2_CPL_StatusLayonAtPosition,Apply cap ply - position,1,TB284,,2026-09-18 02:42:39.067,2026-09-18 02:43:35.980,125,PU
174535,992680953800,G1,100,2,285/40R21 1 (D222V):PWPR,1250111.0,TB2_CPL_StatusLayonAtPosition,Apply cap ply - position,1,TB251,,2026-09-18 02:42:39.067,2026-09-18 02:43:35.980,125,PU
174535,992680953800,G1,100,2,285/40R21 1 (D222V):PWPR,1250111.0,TB2_CPL_StatusLayonAtPosition,Apply cap ply - position,1,TB252,,2026-09-18 02:42:39.067,2026-09-18 02:43:35.980,125,PU
174535,992680953800,G1,100,2,285/40R21 1 (D222V):PWPR,1250111.0,TB2_CPL_StatusLayonAtPosition,Apply cap ply - position,1,TB254,,2026-09-18 02:42:39.067,2026-09-18 02:43:35.980,125,PU
174535,992680953800,G1,100,2,285/40R21 1 (D222V):PWPR,1250111.0,TB2_CPL_StatusLayonAtPosition,Apply cap ply - position,1,TB261,,2026-09-18 02:42:39.067,2026-09-18 02:43:35.980,125,PU
174535,992680953800,G1,100,2,285/40R21 1 (D222V):PWPR,1250111.0,TB2_CPL_StatusLayonAtPosition,Apply cap ply - position,1,TB262,,2026-09-18 02:42:39.067,2026-09-18 02:43:35.980,125,PU
174535,992680953800,G1,100,2,285/40R21 1 (D222V):PWPR,1250111.0,TB2_CPL_StatusLayonAtPosition,Apply cap ply - position,1,TB263,,2026-09-18 02:42:39.067,2026-09-18 02:43:35.980,125,PU
174535,992680953800,G1,100,2,285/40R21 1 (D222V):PWPR,1250111.0,TB2_CPL_StatusLayonAtPosition,Apply cap ply - position,1,TB271,,2026-09-18 02:42:39.067,2026-09-18 02:43:35.980,125,PU
174535,992680953800,G1,100,2,285/40R21 1 (D222V):PWPR,1250111.0,TB2_CPL_StatusLayonAtPosition,Apply cap ply - position,1,TB272,,2026-09-18 02:42:39.067,2026-09-18 02:43:35.980,125,PU
174535,992680953800,G1,100,2,285/40R21 1 (D222V):PWPR,1250111.0,TB2_CPL_StatusLayonAtPosition,Apply cap ply - position,1,TB273,,2026-09-18 02:42:39.067,2026-09-18 02:43:35.980,125,PU
174535,992680953800,G1,100,2,285/40R21 1 (D222V):PWPR,1250111.0,TB2_CPL_StatusLayonAtPosition,Apply cap ply - position,1,TB274,,2026-09-18 02:42:39.067,2026-09-18 02:43:35.980,125,PU
174535,992680953800,G1,100,2,285/40R21 1 (D222V):PWPR,1250111.0,TB2_CPL_StatusLayonAtPosition,Apply cap ply - position,1,TB275,,2026-09-18 02:42:39.067,2026-09-18 02:43:35.980,125,PU
174535,992680953800,G1,100,2,285/40R21 1 (D222V):PWPR,1250111.0,TB2_CPL_StatusLayonAtPosition,Apply cap ply - position,1,TB276,,2026-09-18 02:42:39.067,2026-09-18 02:43:35.980,125,PU
174535,992680953800,G1,100,2,285/40R21 1 (D222V):PWPR,1250111.0,TB2_CPL_StatusLayonAtPosition,Apply cap ply - position,1,TB281,,2026-09-18 02:42:39.067,2026-09-18 02:43:35.980,125,PU
174535,992680953800,G1,100,2,285/40R21 1 (D222V):PWPR,1250111.0,TB2_CPL_StatusLayonAtPosition,Apply cap ply - position,1,TB282,,2026-09-18 02:42:39.067,2026-09-18 02:43:35.980,125,PU
174535,992680953800,G1,100,2,285/40R21 1 (D222V):PWPR,1250111.0,TB2_CPL_StatusLayonAtPosition,Apply cap ply - position,1,TB283,,2026-09-18 02:42:39.067,2026-09-18 02:43:35.980,125,PU
174535,992680953800,G1,100,2,285/40R21 1 (D222V):PWPR,1250111.0,TB2_CPL_StatusLayonAtPosition,Apply cap ply - position,1,TB285,,2026-09-18 02:42:39.067,2026-09-18 02:43:35.980,125,PU
174535,992680953800,G1,100,2,285/40R21 1 (D222V):PWPR,1250111.0,TB2_CPL_StatusLayonAtPosition,Apply cap ply - position,1,TB286,,2026-09-18 02:42:39.067,2026-09-18 02:43:35.980,125,PU
174535,992680953800,G1,100,2,285/40R21 1 (D222V):PWPR,1250111.0,TB2_CPL_StatusLayonAtPosition,Apply cap ply - position,1,TB264,,2026-09-18 02:42:39.067,2026-09-18 02:43:35.980,125,PU
174535,992680953800,G1,100,2,285/40R21 1 (D222V):PWPR,1250109.0,TB2_CPL_StatusCycleStop,Apply cap ply - stop,0,TB285,,2026-09-18 02:42:39.067,2026-09-18 02:43:35.980,125,PU
174535,992680953800,G1,100,2,285/40R21 1 (D222V):PWPR,1250109.0,TB2_CPL_StatusCycleStop,Apply cap ply - stop,0,TB283,,2026-09-18 02:42:39.067,2026-09-18 02:43:35.980,125,PU
174535,992680953800,G1,100,2,285/40R21 1 (D222V):PWPR,1250109.0,TB2_CPL_StatusCycleStop,Apply cap ply - stop,0,TB282,,2026-09-18 02:42:39.067,2026-09-18 02:43:35.980,125,PU
174535,992680953800,G1,100,2,285/40R21 1 (D222V):PWPR,1250109.0,TB2_CPL_StatusCycleStop,Apply cap ply - stop,0,TB252,,2026-09-18 02:42:39.067,2026-09-18 02:43:35.980,125,PU
174535,992680953800,G1,100,2,285/40R21 1 (D222V):PWPR,1250123.0,TB2_BT_StatusManualAtPosition,Pick up belt package - position,1,TB286,,2026-09-18 02:42:39.067,2026-09-18 02:43:35.980,125,PU
174535,992680953800,G1,100,2,285/40R21 1 (D222V):PWPR,1250123.0,TB2_BT_StatusManualAtPosition,Pick up belt package - position,1,TB285,,2026-09-18 02:42:39.067,2026-09-18 02:43:35.980,125,PU
174535,992680953800,G1,100,2,285/40R21 1 (D222V):PWPR,1250123.0,TB2_BT_StatusManualAtPosition,Pick up belt package - position,1,TB283,,2026-09-18 02:42:39.067,2026-09-18 02:43:35.980,125,PU
174535,992680953800,G1,100,2,285/40R21 1 (D222V):PWPR,1250123.0,TB2_BT_StatusManualAtPosition,Pick up belt package - position,1,TB282,,2026-09-18 02:42:39.067,2026-09-18 02:43:35.980,125,PU
174535,992680953800,G1,100,2,285/40R21 1 (D222V):PWPR,1250123.0,TB2_BT_StatusManualAtPosition,Pick up belt package - position,1,TB281,,2026-09-18 02:42:39.067,2026-09-18 02:43:35.980,125,PU
174535,992680953800,G1,100,2,285/40R21 1 (D222V):PWPR,1250123.0,TB2_BT_StatusManualAtPosition,Pick up belt package - position,1,TB276,,2026-09-18 02:42:39.067,2026-09-18 02:43:35.980,125,PU
174535,992680953800,G1,100,2,285/40R21 1 (D222V):PWPR,1250123.0,TB2_BT_StatusManualAtPosition,Pick up belt package - position,1,TB275,,2026-09-18 02:42:39.067,2026-09-18 02:43:35.980,125,PU
174535,992680953800,G1,100,2,285/40R21 1 (D222V):PWPR,1250109.0,TB2_CPL_StatusCycleStop,Apply cap ply - stop,0,TB284,,2026-09-18 02:42:39.067,2026-09-18 02:43:35.980,125,PU
174535,992680953800,G1,100,2,285/40R21 1 (D222V):PWPR,1250109.0,TB2_CPL_StatusCycleStop,Apply cap ply - stop,0,TB251,,2026-09-18 02:42:39.067,2026-09-18 02:43:35.980,125,PU
174535,992680953800,G1,100,2,285/40R21 1 (D222V):PWPR,1250109.0,TB2_CPL_StatusCycleStop,Apply cap ply - stop,0,TB254,,2026-09-18 02:42:39.067,2026-09-18 02:43:35.980,125,PU
174535,992680953800,G1,100,2,285/40R21 1 (D222V):PWPR,1250109.0,TB2_CPL_StatusCycleStop,Apply cap ply - stop,0,TB281,,2026-09-18 02:42:39.067,2026-09-18 02:43:35.980,125,PU
174535,992680953800,G1,100,2,285/40R21 1 (D222V):PWPR,1250109.0,TB2_CPL_StatusCycleStop,Apply cap ply - stop,0,TB261,,2026-09-18 02:42:39.067,2026-09-18 02:43:35.980,125,PU
174535,992680953800,G1,100,2,285/40R21 1 (D222V):PWPR,1250109.0,TB2_CPL_StatusCycleStop,Apply cap ply - stop,0,TB262,,2026-09-18 02:42:39.067,2026-09-18 02:43:35.980,125,PU
174535,992680953800,G1,100,2,285/40R21 1 (D222V):PWPR,1250109.0,TB2_CPL_StatusCycleStop,Apply cap ply - stop,0,TB263,,2026-09-18 02:42:39.067,2026-09-18 02:43:35.980,125,PU
174535,992680953800,G1,100,2,285/40R21 1 (D222V):PWPR,1250109.0,TB2_CPL_StatusCycleStop,Apply cap ply - stop,0,TB271,,2026-09-18 02:42:39.067,2026-09-18 02:43:35.980,125,PU
174535,992680953800,G1,100,2,285/40R21 1 (D222V):PWPR,1250109.0,TB2_CPL_StatusCycleStop,Apply cap ply - stop,0,TB272,,2026-09-18 02:42:39.067,2026-09-18 02:43:35.980,125,PU
174535,992680953800,G1,100,2,285/40R21 1 (D222V):PWPR,1250109.0,TB2_CPL_StatusCycleStop,Apply cap ply - stop,0,TB273,,2026-09-18 02:42:39.067,2026-09-18 02:43:35.980,125,PU
174535,992680953800,G1,100,2,285/40R21 1 (D222V):PWPR,1250109.0,TB2_CPL_StatusCycleStop,Apply cap ply - stop,0,TB274,,2026-09-18 02:42:39.067,2026-09-18 02:43:35.980,125,PU
174535,992680953800,G1,100,2,285/40R21 1 (D222V):PWPR,1250109.0,TB2_CPL_StatusCycleStop,Apply cap ply - stop,0,TB275,,2026-09-18 02:42:39.067,2026-09-18 02:43:35.980,125,PU
174535,992680953800,G1,100,2,285/40R21 1 (D222V):PWPR,1250109.0,TB2_CPL_StatusCycleStop,Apply cap ply - stop,0,TB276,,2026-09-18 02:42:39.067,2026-09-18 02:43:35.980,125,PU
174535,992680953800,G1,100,2,285/40R21 1 (D222V):PWPR,1251759.0,TB2_BL_ColorMarkingPosition1,Color Position 1 - BL (Spec card),R,TB261,,2026-09-18 02:42:39.067,2026-09-18 02:43:35.980,125,PU
174535,992680953800,G1,100,2,285/40R21 1 (D222V):PWPR,1251764.0,TB2_BL_OrientationCord,Orientation - BL,R,TB276,,2026-09-18 02:42:39.067,2026-09-18 02:43:35.980,125,PU
174535,992680953800,G1,100,2,285/40R21 1 (D222V):PWPR,1251759.0,TB2_BL_ColorMarkingPosition1,Color Position 1 - BL (Spec card),R,TB263,,2026-09-18 02:42:39.067,2026-09-18 02:43:35.980,125,PU
174535,992680953800,G1,100,2,285/40R21 1 (D222V):PWPR,1250288.0,TB2_CPL_TypeLayoutCapPly,Layout Type (Spec card),D222V,TB251,,2026-09-18 02:42:39.067,2026-09-18 02:43:35.980,125,PU
174535,992680953800,G1,100,2,285/40R21 1 (D222V):PWPR,1250439.0,TB2_INF_PlyLock,Ply Lock (Spec card),C+0,TB254,,2026-09-18 02:42:39.067,2026-09-18 02:43:35.980,125,PU
174535,992680953800,G1,100,2,285/40R21 1 (D222V):PWPR,1252099.0,TB2_BR_StatusLayonAtPosition,BR apply - position,1,TB274,,2026-09-18 02:42:39.067,2026-09-18 02:43:35.980,125,PU
174535,992680953800,G1,100,2,285/40R21 1 (D222V):PWPR,1252099.0,TB2_BR_StatusLayonAtPosition,BR apply - position,1,TB273,,2026-09-18 02:42:39.067,2026-09-18 02:43:35.980,125,PU
174535,992680953800,G1,100,2,285/40R21 1 (D222V):PWPR,1252099.0,TB2_BR_StatusLayonAtPosition,BR apply - position,1,TB272,,2026-09-18 02:42:39.067,2026-09-18 02:43:35.980,125,PU
174535,992680953800,G1,100,2,285/40R21 1 (D222V):PWPR,1252099.0,TB2_BR_StatusLayonAtPosition,BR apply - position,1,TB271,,2026-09-18 02:42:39.067,2026-09-18 02:43:35.980,125,PU
174535,992680953800,G1,100,2,285/40R21 1 (D222V):PWPR,1250527.0,TB2_SPR_StatusSprayingLayer1Position1,Top Layer Pos.1 (Future Function),1,TB284,,2026-09-18 02:42:39.067,2026-09-18 02:43:35.980,125,PU
174535,992680953800,G1,100,2,285/40R21 1 (D222V):PWPR,1250527.0,TB2_SPR_StatusSprayingLayer1Position1,Top Layer Pos.1 (Future Function),1,TB251,,2026-09-18 02:42:39.067,2026-09-18 02:43:35.980,125,PU
174535,992680953800,G1,100,2,285/40R21 1 (D222V):PWPR,1250527.0,TB2_SPR_StatusSprayingLayer1Position1,Top Layer Pos.1 (Future Function),1,TB252,,2026-09-18 02:42:39.067,2026-09-18 02:43:35.980,125,PU
174535,992680953800,G1,100,2,285/40R21 1 (D222V):PWPR,1250527.0,TB2_SPR_StatusSprayingLayer1Position1,Top Layer Pos.1 (Future Function),1,TB254,,2026-09-18 02:42:39.067,2026-09-18 02:43:35.980,125,PU
174535,992680953800,G1,100,2,285/40R21 1 (D222V):PWPR,1250527.0,TB2_SPR_StatusSprayingLayer1Position1,Top Layer Pos.1 (Future Function),1,TB261,,2026-09-18 02:42:39.067,2026-09-18 02:43:35.980,125,PU
174535,992680953800,G1,100,2,285/40R21 1 (D222V):PWPR,1250527.0,TB2_SPR_StatusSprayingLayer1Position1,Top Layer Pos.1 (Future Function),1,TB262,,2026-09-18 02:42:39.067,2026-09-18 02:43:35.980,125,PU
174535,992680953800,G1,100,2,285/40R21 1 (D222V):PWPR,1250527.0,TB2_SPR_StatusSprayingLayer1Position1,Top Layer Pos.1 (Future Function),1,TB263,,2026-09-18 02:42:39.067,2026-09-18 02:43:35.980,125,PU
174535,992680953800,G1,100,2,285/40R21 1 (D222V):PWPR,1250527.0,TB2_SPR_StatusSprayingLayer1Position1,Top Layer Pos.1 (Future Function),1,TB271,,2026-09-18 02:42:39.067,2026-09-18 02:43:35.980,125,PU
174535,992680953800,G1,100,2,285/40R21 1 (D222V):PWPR,1250527.0,TB2_SPR_StatusSprayingLayer1Position1,Top Layer Pos.1 (Future Function),1,TB272,,2026-09-18 02:42:39.067,2026-09-18 02:43:35.980,125,PU
174535,992680953800,G1,100,2,285/40R21 1 (D222V):PWPR,1250527.0,TB2_SPR_StatusSprayingLayer1Position1,Top Layer Pos.1 (Future Function),1,TB273,,2026-09-18 02:42:39.067,2026-09-18 02:43:35.980,125,PU
174535,992680953800,G1,100,2,285/40R21 1 (D222V):PWPR,1250527.0,TB2_SPR_StatusSprayingLayer1Position1,Top Layer Pos.1 (Future Function),1,TB274,,2026-09-18 02:42:39.067,2026-09-18 02:43:35.980,125,PU
174535,992680953800,G1,100,2,285/40R21 1 (D222V):PWPR,1250527.0,TB2_SPR_StatusSprayingLayer1Position1,Top Layer Pos.1 (Future Function),1,TB275,,2026-09-18 02:42:39.067,2026-09-18 02:43:35.980,125,PU
174535,992680953800,G1,100,2,285/40R21 1 (D222V):PWPR,1250527.0,TB2_SPR_StatusSprayingLayer1Position1,Top Layer Pos.1 (Future Function),1,TB276,,2026-09-18 02:42:39.067,2026-09-18 02:43:35.980,125,PU
174535,992680953800,G1,100,2,285/40R21 1 (D222V):PWPR,1250527.0,TB2_SPR_StatusSprayingLayer1Position1,Top Layer Pos.1 (Future Function),1,TB281,,2026-09-18 02:42:39.067,2026-09-18 02:43:35.980,125,PU
174535,992680953800,G1,100,2,285/40R21 1 (D222V):PWPR,1250527.0,TB2_SPR_StatusSprayingLayer1Position1,Top Layer Pos.1 (Future Function),1,TB282,,2026-09-18 02:42:39.067,2026-09-18 02:43:35.980,125,PU
174535,992680953800,G1,100,2,285/40R21 1 (D222V):PWPR,1250527.0,TB2_SPR_StatusSprayingLayer1Position1,Top Layer Pos.1 (Future Function),1,TB283,,2026-09-18 02:42:39.067,2026-09-18 02:43:35.980,125,PU
174535,992680953800,G1,100,2,285/40R21 1 (D222V):PWPR,1250439.0,TB2_INF_PlyLock,Ply Lock (Spec card),C+0,TB261,,2026-09-18 02:42:39.067,2026-09-18 02:43:35.980,125,PU
174535,992680953800,G1,100,2,285/40R21 1 (D222V):PWPR,1250439.0,TB2_INF_PlyLock,Ply Lock (Spec card),C+0,TB262,,2026-09-18 02:42:39.067,2026-09-18 02:43:35.980,125,PU
174535,992680953800,G1,100,2,285/40R21 1 (D222V):PWPR,1250439.0,TB2_INF_PlyLock,Ply Lock (Spec card),C+0,TB263,,2026-09-18 02:42:39.067,2026-09-18 02:43:35.980,125,PU
174535,992680953800,G1,100,2,285/40R21 1 (D222V):PWPR,1250533.0,TB2_SPR_StatusSprayingLayer2Position3,2nd Layer Pos.3 (Future Function),1,TB272,,2026-09-18 02:42:39.067,2026-09-18 02:43:35.980,125,PU
174535,992680953800,G1,100,2,285/40R21 1 (D222V):PWPR,1250533.0,TB2_SPR_StatusSprayingLayer2Position3,2nd Layer Pos.3 (Future Function),1,TB286,,2026-09-18 02:42:39.067,2026-09-18 02:43:35.980,125,PU
174535,992680953800,G1,100,2,285/40R21 1 (D222V):PWPR,1250533.0,TB2_SPR_StatusSprayingLayer2Position3,2nd Layer Pos.3 (Future Function),1,TB285,,2026-09-18 02:42:39.067,2026-09-18 02:43:35.980,125,PU
174535,992680953800,G1,100,2,285/40R21 1 (D222V):PWPR,1250533.0,TB2_SPR_StatusSprayingLayer2Position3,2nd Layer Pos.3 (Future Function),1,TB283,,2026-09-18 02:42:39.067,2026-09-18 02:43:35.980,125,PU
174535,992680953800,G1,100,2,285/40R21 1 (D222V):PWPR,1250533.0,TB2_SPR_StatusSprayingLayer2Position3,2nd Layer Pos.3 (Future Function),1,TB282,,2026-09-18 02:42:39.067,2026-09-18 02:43:35.980,125,PU
174535,992680953800,G1,100,2,285/40R21 1 (D222V):PWPR,1250533.0,TB2_SPR_StatusSprayingLayer2Position3,2nd Layer Pos.3 (Future Function),1,TB281,,2026-09-18 02:42:39.067,2026-09-18 02:43:35.980,125,PU
174535,992680953800,G1,100,2,285/40R21 1 (D222V):PWPR,1250533.0,TB2_SPR_StatusSprayingLayer2Position3,2nd Layer Pos.3 (Future Function),1,TB276,,2026-09-18 02:42:39.067,2026-09-18 02:43:35.980,125,PU
174535,992680953800,G1,100,2,285/40R21 1 (D222V):PWPR,1250533.0,TB2_SPR_StatusSprayingLayer2Position3,2nd Layer Pos.3 (Future Function),1,TB275,,2026-09-18 02:42:39.067,2026-09-18 02:43:35.980,125,PU
174535,992680953800,G1,100,2,285/40R21 1 (D222V):PWPR,1250533.0,TB2_SPR_StatusSprayingLayer2Position3,2nd Layer Pos.3 (Future Function),1,TB274,,2026-09-18 02:42:39.067,2026-09-18 02:43:35.980,125,PU
174535,992680953800,G1,100,2,285/40R21 1 (D222V):PWPR,1250533.0,TB2_SPR_StatusSprayingLayer2Position3,2nd Layer Pos.3 (Future Function),1,TB273,,2026-09-18 02:42:39.067,2026-09-18 02:43:35.980,125,PU
174535,992680953800,G1,100,2,285/40R21 1 (D222V):PWPR,1250533.0,TB2_SPR_StatusSprayingLayer2Position3,2nd Layer Pos.3 (Future Function),1,TB271,,2026-09-18 02:42:39.067,2026-09-18 02:43:35.980,125,PU
174535,992680953800,G1,100,2,285/40R21 1 (D222V):PWPR,1250439.0,TB2_INF_PlyLock,Ply Lock (Spec card),C+0,TB271,,2026-09-18 02:42:39.067,2026-09-18 02:43:35.980,125,PU
174535,992680953800,G1,100,2,285/40R21 1 (D222V):PWPR,1250533.0,TB2_SPR_StatusSprayingLayer2Position3,2nd Layer Pos.3 (Future Function),1,TB263,,2026-09-18 02:42:39.067,2026-09-18 02:43:35.980,125,PU
174535,992680953800,G1,100,2,285/40R21 1 (D222V):PWPR,1250533.0,TB2_SPR_StatusSprayingLayer2Position3,2nd Layer Pos.3 (Future Function),1,TB262,,2026-09-18 02:42:39.067,2026-09-18 02:43:35.980,125,PU
174535,992680953800,G1,100,2,285/40R21 1 (D222V):PWPR,1250533.0,TB2_SPR_StatusSprayingLayer2Position3,2nd Layer Pos.3 (Future Function),1,TB261,,2026-09-18 02:42:39.067,2026-09-18 02:43:35.980,125,PU
174535,992680953800,G1,100,2,285/40R21 1 (D222V):PWPR,1250533.0,TB2_SPR_StatusSprayingLayer2Position3,2nd Layer Pos.3 (Future Function),1,TB254,,2026-09-18 02:42:39.067,2026-09-18 02:43:35.980,125,PU
174535,992680953800,G1,100,2,285/40R21 1 (D222V):PWPR,1250533.0,TB2_SPR_StatusSprayingLayer2Position3,2nd Layer Pos.3 (Future Function),1,TB252,,2026-09-18 02:42:39.067,2026-09-18 02:43:35.980,125,PU
174535,992680953800,G1,100,2,285/40R21 1 (D222V):PWPR,1250533.0,TB2_SPR_StatusSprayingLayer2Position3,2nd Layer Pos.3 (Future Function),1,TB251,,2026-09-18 02:42:39.067,2026-09-18 02:43:35.980,125,PU
174535,992680953800,G1,100,2,285/40R21 1 (D222V):PWPR,1250533.0,TB2_SPR_StatusSprayingLayer2Position3,2nd Layer Pos.3 (Future Function),1,TB284,,2026-09-18 02:42:39.067,2026-09-18 02:43:35.980,125,PU
174535,992680953800,G1,100,2,285/40R21 1 (D222V):PWPR,1250439.0,TB2_INF_PlyLock,Ply Lock (Spec card),C+0,TB273,,2026-09-18 02:42:39.067,2026-09-18 02:43:35.980,125,PU
174535,992680953800,G1,100,2,285/40R21 1 (D222V):PWPR,1250439.0,TB2_INF_PlyLock,Ply Lock (Spec card),C+0,TB272,,2026-09-18 02:42:39.067,2026-09-18 02:43:35.980,125,PU
174535,992680953800,G1,100,2,285/40R21 1 (D222V):PWPR,1250416.0,TB2_TR_NameMaterial,Material Cap compound (Spec card),T15760,TB284,,2026-09-18 02:42:39.067,2026-09-18 02:43:35.980,125,PU
174535,992680953800,G1,100,2,285/40R21 1 (D222V):PWPR,1250416.0,TB2_TR_NameMaterial,Material Cap compound (Spec card),T15760,TB251,,2026-09-18 02:42:39.067,2026-09-18 02:43:35.980,125,PU
174535,992680953800,G1,100,2,285/40R21 1 (D222V):PWPR,1250416.0,TB2_TR_NameMaterial,Material Cap compound (Spec card),T15760,TB252,,2026-09-18 02:42:39.067,2026-09-18 02:43:35.980,125,PU
174535,992680953800,G1,100,2,285/40R21 1 (D222V):PWPR,1250410.0,TB2_TR_ColorTreadMarking1,Color Position 1,P,TB264,,2026-09-18 02:42:39.067,2026-09-18 02:43:35.980,125,PU
174535,992680953800,G1,100,2,285/40R21 1 (D222V):PWPR,1250410.0,TB2_TR_ColorTreadMarking1,Color Position 1,P,TB273,,2026-09-18 02:42:39.067,2026-09-18 02:43:35.980,125,PU
174535,992680953800,G1,100,2,285/40R21 1 (D222V):PWPR,1250410.0,TB2_TR_ColorTreadMarking1,Color Position 1,P,TB274,,2026-09-18 02:42:39.067,2026-09-18 02:43:35.980,125,PU
174535,992680953800,G1,100,2,285/40R21 1 (D222V):PWPR,1250410.0,TB2_TR_ColorTreadMarking1,Color Position 1,P,TB275,,2026-09-18 02:42:39.067,2026-09-18 02:43:35.980,125,PU
174535,992680953800,G1,100,2,285/40R21 1 (D222V):PWPR,1250410.0,TB2_TR_ColorTreadMarking1,Color Position 1,P,TB276,,2026-09-18 02:42:39.067,2026-09-18 02:43:35.980,125,PU
174535,992680953800,G1,100,2,285/40R21 1 (D222V):PWPR,1250410.0,TB2_TR_ColorTreadMarking1,Color Position 1,P,TB281,,2026-09-18 02:42:39.067,2026-09-18 02:43:35.980,125,PU
174535,992680953800,G1,100,2,285/40R21 1 (D222V):PWPR,1250410.0,TB2_TR_ColorTreadMarking1,Color Position 1,P,TB282,,2026-09-18 02:42:39.067,2026-09-18 02:43:35.980,125,PU
174535,992680953800,G1,100,2,285/40R21 1 (D222V):PWPR,1250410.0,TB2_TR_ColorTreadMarking1,Color Position 1,P,TB283,,2026-09-18 02:42:39.067,2026-09-18 02:43:35.980,125,PU
174535,992680953800,G1,100,2,285/40R21 1 (D222V):PWPR,1250410.0,TB2_TR_ColorTreadMarking1,Color Position 1,P,TB285,,2026-09-18 02:42:39.067,2026-09-18 02:43:35.980,125,PU
174535,992680953800,G1,100,2,285/40R21 1 (D222V):PWPR,1250410.0,TB2_TR_ColorTreadMarking1,Color Position 1,P,TB286,,2026-09-18 02:42:39.067,2026-09-18 02:43:35.980,125,PU
174535,992680953800,G1,100,2,285/40R21 1 (D222V):PWPR,1250527.0,TB2_SPR_StatusSprayingLayer1Position1,Top Layer Pos.1 (Future Function),1,TB285,,2026-09-18 02:42:39.067,2026-09-18 02:43:35.980,125,PU
174535,992680953800,G1,100,2,285/40R21 1 (D222V):PWPR,1250410.0,TB2_TR_ColorTreadMarking1,Color Position 1,P,TB271,,2026-09-18 02:42:39.067,2026-09-18 02:43:35.980,125,PU
174535,992680953800,G1,100,2,285/40R21 1 (D222V):PWPR,1250527.0,TB2_SPR_StatusSprayingLayer1Position1,Top Layer Pos.1 (Future Function),1,TB286,,2026-09-18 02:42:39.067,2026-09-18 02:43:35.980,125,PU
174535,992680953800,G1,100,2,285/40R21 1 (D222V):PWPR,1250527.0,TB2_SPR_StatusSprayingLayer1Position1,Top Layer Pos.1 (Future Function),1,TB264,,2026-09-18 02:42:39.067,2026-09-18 02:43:35.980,125,PU
174535,992680953800,G1,100,2,285/40R21 1 (D222V):PWPR,1250528.0,TB2_SPR_StatusSprayingLayer1Position2,Top Layer Pos.2 (Future Function),1,TB284,,2026-09-18 02:42:39.067,2026-09-18 02:43:35.980,125,PU
174535,992680953800,G1,100,2,285/40R21 1 (D222V):PWPR,1250528.0,TB2_SPR_StatusSprayingLayer1Position2,Top Layer Pos.2 (Future Function),1,TB251,,2026-09-18 02:42:39.067,2026-09-18 02:43:35.980,125,PU
174535,992680953800,G1,100,2,285/40R21 1 (D222V):PWPR,1250528.0,TB2_SPR_StatusSprayingLayer1Position2,Top Layer Pos.2 (Future Function),1,TB252,,2026-09-18 02:42:39.067,2026-09-18 02:43:35.980,125,PU
174535,992680953800,G1,100,2,285/40R21 1 (D222V):PWPR,1250528.0,TB2_SPR_StatusSprayingLayer1Position2,Top Layer Pos.2 (Future Function),1,TB254,,2026-09-18 02:42:39.067,2026-09-18 02:43:35.980,125,PU
174535,992680953800,G1,100,2,285/40R21 1 (D222V):PWPR,1250528.0,TB2_SPR_StatusSprayingLayer1Position2,Top Layer Pos.2 (Future Function),1,TB261,,2026-09-18 02:42:39.067,2026-09-18 02:43:35.980,125,PU
174535,992680953800,G1,100,2,285/40R21 1 (D222V):PWPR,1250528.0,TB2_SPR_StatusSprayingLayer1Position2,Top Layer Pos.2 (Future Function),1,TB262,,2026-09-18 02:42:39.067,2026-09-18 02:43:35.980,125,PU
174535,992680953800,G1,100,2,285/40R21 1 (D222V):PWPR,1250528.0,TB2_SPR_StatusSprayingLayer1Position2,Top Layer Pos.2 (Future Function),1,TB263,,2026-09-18 02:42:39.067,2026-09-18 02:43:35.980,125,PU
174535,992680953800,G1,100,2,285/40R21 1 (D222V):PWPR,1250410.0,TB2_TR_ColorTreadMarking1,Color Position 1,P,TB272,,2026-09-18 02:42:39.067,2026-09-18 02:43:35.980,125,PU
174535,992680953800,G1,100,2,285/40R21 1 (D222V):PWPR,1250410.0,TB2_TR_ColorTreadMarking1,Color Position 1,P,TB263,,2026-09-18 02:42:39.067,2026-09-18 02:43:35.980,125,PU
174535,992680953800,G1,100,2,285/40R21 1 (D222V):PWPR,1250416.0,TB2_TR_NameMaterial,Material Cap compound (Spec card),T15760,TB254,,2026-09-18 02:42:39.067,2026-09-18 02:43:35.980,125,PU
174535,992680953800,G1,100,2,285/40R21 1 (D222V):PWPR,1250416.0,TB2_TR_NameMaterial,Material Cap compound (Spec card),T15760,TB281,,2026-09-18 02:42:39.067,2026-09-18 02:43:35.980,125,PU
174535,992680953800,G1,100,2,285/40R21 1 (D222V):PWPR,1250416.0,TB2_TR_NameMaterial,Material Cap compound (Spec card),T15760,TB261,,2026-09-18 02:42:39.067,2026-09-18 02:43:35.980,125,PU
174535,992680953800,G1,100,2,285/40R21 1 (D222V):PWPR,1250416.0,TB2_TR_NameMaterial,Material Cap compound (Spec card),T15760,TB262,,2026-09-18 02:42:39.067,2026-09-18 02:43:35.980,125,PU
174535,992680953800,G1,100,2,285/40R21 1 (D222V):PWPR,1250416.0,TB2_TR_NameMaterial,Material Cap compound (Spec card),T15760,TB263,,2026-09-18 02:42:39.067,2026-09-18 02:43:35.980,125,PU
174535,992680953800,G1,100,2,285/40R21 1 (D222V):PWPR,1250416.0,TB2_TR_NameMaterial,Material Cap compound (Spec card),T15760,TB271,,2026-09-18 02:42:39.067,2026-09-18 02:43:35.980,125,PU
174535,992680953800,G1,100,2,285/40R21 1 (D222V):PWPR,1250416.0,TB2_TR_NameMaterial,Material Cap compound (Spec card),T15760,TB272,,2026-09-18 02:42:39.067,2026-09-18 02:43:35.980,125,PU
174535,992680953800,G1,100,2,285/40R21 1 (D222V):PWPR,1250416.0,TB2_TR_NameMaterial,Material Cap compound (Spec card),T15760,TB273,,2026-09-18 02:42:39.067,2026-09-18 02:43:35.980,125,PU
174535,992680953800,G1,100,2,285/40R21 1 (D222V):PWPR,1250416.0,TB2_TR_NameMaterial,Material Cap compound (Spec card),T15760,TB274,,2026-09-18 02:42:39.067,2026-09-18 02:43:35.980,125,PU
174535,992680953800,G1,100,2,285/40R21 1 (D222V):PWPR,1250416.0,TB2_TR_NameMaterial,Material Cap compound (Spec card),T15760,TB275,,2026-09-18 02:42:39.067,2026-09-18 02:43:35.980,125,PU
174535,992680953800,G1,100,2,285/40R21 1 (D222V):PWPR,1250416.0,TB2_TR_NameMaterial,Material Cap compound (Spec card),T15760,TB276,,2026-09-18 02:42:39.067,2026-09-18 02:43:35.980,125,PU
174535,992680953800,G1,100,2,285/40R21 1 (D222V):PWPR,1250416.0,TB2_TR_NameMaterial,Material Cap compound (Spec card),T15760,TB282,,2026-09-18 02:42:39.067,2026-09-18 02:43:35.980,125,PU
174535,992680953800,G1,100,2,285/40R21 1 (D222V):PWPR,1250410.0,TB2_TR_ColorTreadMarking1,Color Position 1,P,TB262,,2026-09-18 02:42:39.067,2026-09-18 02:43:35.980,125,PU
174535,992680953800,G1,100,2,285/40R21 1 (D222V):PWPR,1250416.0,TB2_TR_NameMaterial,Material Cap compound (Spec card),T15760,TB283,,2026-09-18 02:42:39.067,2026-09-18 02:43:35.980,125,PU
174535,992680953800,G1,100,2,285/40R21 1 (D222V):PWPR,1250416.0,TB2_TR_NameMaterial,Material Cap compound (Spec card),T15760,TB285,,2026-09-18 02:42:39.067,2026-09-18 02:43:35.980,125,PU
174535,992680953800,G1,100,2,285/40R21 1 (D222V):PWPR,1250416.0,TB2_TR_NameMaterial,Material Cap compound (Spec card),T15760,TB286,,2026-09-18 02:42:39.067,2026-09-18 02:43:35.980,125,PU
174535,992680953800,G1,100,2,285/40R21 1 (D222V):PWPR,1250416.0,TB2_TR_NameMaterial,Material Cap compound (Spec card),T15760,TB264,,2026-09-18 02:42:39.067,2026-09-18 02:43:35.980,125,PU
174535,992680953800,G1,100,2,285/40R21 1 (D222V):PWPR,1250410.0,TB2_TR_ColorTreadMarking1,Color Position 1,P,TB284,,2026-09-18 02:42:39.067,2026-09-18 02:43:35.980,125,PU
174535,992680953800,G1,100,2,285/40R21 1 (D222V):PWPR,1250410.0,TB2_TR_ColorTreadMarking1,Color Position 1,P,TB251,,2026-09-18 02:42:39.067,2026-09-18 02:43:35.980,125,PU
174535,992680953800,G1,100,2,285/40R21 1 (D222V):PWPR,1250410.0,TB2_TR_ColorTreadMarking1,Color Position 1,P,TB252,,2026-09-18 02:42:39.067,2026-09-18 02:43:35.980,125,PU
174535,992680953800,G1,100,2,285/40R21 1 (D222V):PWPR,1250410.0,TB2_TR_ColorTreadMarking1,Color Position 1,P,TB254,,2026-09-18 02:42:39.067,2026-09-18 02:43:35.980,125,PU
174535,992680953800,G1,100,2,285/40R21 1 (D222V):PWPR,1250410.0,TB2_TR_ColorTreadMarking1,Color Position 1,P,TB261,,2026-09-18 02:42:39.067,2026-09-18 02:43:35.980,125,PU
174535,992680953800,G1,100,2,285/40R21 1 (D222V):PWPR,1250608.0,TB2_CPL_ImageSpecification,Cap Ply Image Selection (Spec Card),D222V,TB264,,2026-09-18 02:42:39.067,2026-09-18 02:43:35.980,125,PU
174535,992680953800,G1,100,2,285/40R21 1 (D222V):PWPR,1250608.0,TB2_CPL_ImageSpecification,Cap Ply Image Selection (Spec Card),D222V,TB286,,2026-09-18 02:42:39.067,2026-09-18 02:43:35.980,125,PU
174535,992680953800,G1,100,2,285/40R21 1 (D222V):PWPR,1250608.0,TB2_CPL_ImageSpecification,Cap Ply Image Selection (Spec Card),D222V,TB285,,2026-09-18 02:42:39.067,2026-09-18 02:43:35.980,125,PU
174535,992680953800,G1,100,2,285/40R21 1 (D222V):PWPR,1252099.0,TB2_BR_StatusLayonAtPosition,BR apply - position,1,TB275,,2026-09-18 02:42:39.067,2026-09-18 02:43:35.980,125,PU
174535,992680953800,G1,100,2,285/40R21 1 (D222V):PWPR,1250439.0,TB2_INF_PlyLock,Ply Lock (Spec card),C+0,TB283,,2026-09-18 02:42:39.067,2026-09-18 02:43:35.980,125,PU
174535,992680953800,G1,100,2,285/40R21 1 (D222V):PWPR,1250439.0,TB2_INF_PlyLock,Ply Lock (Spec card),C+0,TB282,,2026-09-18 02:42:39.067,2026-09-18 02:43:35.980,125,PU
174535,992680953800,G1,100,2,285/40R21 1 (D222V):PWPR,1252099.0,TB2_BR_StatusLayonAtPosition,BR apply - position,1,TB264,,2026-09-18 02:42:39.067,2026-09-18 02:43:35.980,125,PU
174535,992680953800,G1,100,2,285/40R21 1 (D222V):PWPR,1252099.0,TB2_BR_StatusLayonAtPosition,BR apply - position,1,TB286,,2026-09-18 02:42:39.067,2026-09-18 02:43:35.980,125,PU
174535,992680953800,G1,100,2,285/40R21 1 (D222V):PWPR,1252099.0,TB2_BR_StatusLayonAtPosition,BR apply - position,1,TB285,,2026-09-18 02:42:39.067,2026-09-18 02:43:35.980,125,PU
174535,992680953800,G1,100,2,285/40R21 1 (D222V):PWPR,1252099.0,TB2_BR_StatusLayonAtPosition,BR apply - position,1,TB283,,2026-09-18 02:42:39.067,2026-09-18 02:43:35.980,125,PU
174535,992680953800,G1,100,2,285/40R21 1 (D222V):PWPR,1252099.0,TB2_BR_StatusLayonAtPosition,BR apply - position,1,TB282,,2026-09-18 02:42:39.067,2026-09-18 02:43:35.980,125,PU
174535,992680953800,G1,100,2,285/40R21 1 (D222V):PWPR,1252099.0,TB2_BR_StatusLayonAtPosition,BR apply - position,1,TB281,,2026-09-18 02:42:39.067,2026-09-18 02:43:35.980,125,PU
174535,992680953800,G1,100,2,285/40R21 1 (D222V):PWPR,1252099.0,TB2_BR_StatusLayonAtPosition,BR apply - position,1,TB276,,2026-09-18 02:42:39.067,2026-09-18 02:43:35.980,125,PU
174535,992680953800,G1,100,2,285/40R21 1 (D222V):PWPR,1250439.0,TB2_INF_PlyLock,Ply Lock (Spec card),C+0,TB281,,2026-09-18 02:42:39.067,2026-09-18 02:43:35.980,125,PU
174535,992680953800,G1,100,2,285/40R21 1 (D222V):PWPR,1250439.0,TB2_INF_PlyLock,Ply Lock (Spec card),C+0,TB286,,2026-09-18 02:42:39.067,2026-09-18 02:43:35.980,125,PU
174535,992680953800,G1,100,2,285/40R21 1 (D222V):PWPR,1250439.0,TB2_INF_PlyLock,Ply Lock (Spec card),C+0,TB276,,2026-09-18 02:42:39.067,2026-09-18 02:43:35.980,125,PU
174535,992680953800,G1,100,2,285/40R21 1 (D222V):PWPR,1250439.0,TB2_INF_PlyLock,Ply Lock (Spec card),C+0,TB275,,2026-09-18 02:42:39.067,2026-09-18 02:43:35.980,125,PU
174535,992680953800,G1,100,2,285/40R21 1 (D222V):PWPR,1250439.0,TB2_INF_PlyLock,Ply Lock (Spec card),C+0,TB274,,2026-09-18 02:42:39.067,2026-09-18 02:43:35.980,125,PU
174535,992680953800,G1,100,2,285/40R21 1 (D222V):PWPR,1250534.0,TB2_SPR_StatusSprayingLayer2Position4,2nd Layer Pos.4 (Future Function),1,TB264,,2026-09-18 02:42:39.067,2026-09-18 02:43:35.980,125,PU
174535,992680953800,G1,100,2,285/40R21 1 (D222V):PWPR,1250534.0,TB2_SPR_StatusSprayingLayer2Position4,2nd Layer Pos.4 (Future Function),1,TB286,,2026-09-18 02:42:39.067,2026-09-18 02:43:35.980,125,PU
174535,992680953800,G1,100,2,285/40R21 1 (D222V):PWPR,1250534.0,TB2_SPR_StatusSprayingLayer2Position4,2nd Layer Pos.4 (Future Function),1,TB285,,2026-09-18 02:42:39.067,2026-09-18 02:43:35.980,125,PU
174535,992680953800,G1,100,2,285/40R21 1 (D222V):PWPR,1250534.0,TB2_SPR_StatusSprayingLayer2Position4,2nd Layer Pos.4 (Future Function),1,TB283,,2026-09-18 02:42:39.067,2026-09-18 02:43:35.980,125,PU
174535,992680953800,G1,100,2,285/40R21 1 (D222V):PWPR,1250534.0,TB2_SPR_StatusSprayingLayer2Position4,2nd Layer Pos.4 (Future Function),1,TB282,,2026-09-18 02:42:39.067,2026-09-18 02:43:35.980,125,PU
174535,992680953800,G1,100,2,285/40R21 1 (D222V):PWPR,1250534.0,TB2_SPR_StatusSprayingLayer2Position4,2nd Layer Pos.4 (Future Function),1,TB281,,2026-09-18 02:42:39.067,2026-09-18 02:43:35.980,125,PU
174535,992680953800,G1,100,2,285/40R21 1 (D222V):PWPR,1250439.0,TB2_INF_PlyLock,Ply Lock (Spec card),C+0,TB285,,2026-09-18 02:42:39.067,2026-09-18 02:43:35.980,125,PU
174535,992680953800,G1,100,2,285/40R21 1 (D222V):PWPR,1251759.0,TB2_BL_ColorMarkingPosition1,Color Position 1 - BL (Spec card),R,TB271,,2026-09-18 02:42:39.067,2026-09-18 02:43:35.980,125,PU
174535,992680953800,G1,100,2,285/40R21 1 (D222V):PWPR,1250534.0,TB2_SPR_StatusSprayingLayer2Position4,2nd Layer Pos.4 (Future Function),1,TB275,,2026-09-18 02:42:39.067,2026-09-18 02:43:35.980,125,PU
174535,992680953800,G1,100,2,285/40R21 1 (D222V):PWPR,1250288.0,TB2_CPL_TypeLayoutCapPly,Layout Type (Spec card),D222V,TB276,,2026-09-18 02:42:39.067,2026-09-18 02:43:35.980,125,PU
174535,992680953800,G1,100,2,285/40R21 1 (D222V):PWPR,1250288.0,TB2_CPL_TypeLayoutCapPly,Layout Type (Spec card),D222V,TB254,,2026-09-18 02:42:39.067,2026-09-18 02:43:35.980,125,PU
174535,992680953800,G1,100,2,285/40R21 1 (D222V):PWPR,1250288.0,TB2_CPL_TypeLayoutCapPly,Layout Type (Spec card),D222V,TB261,,2026-09-18 02:42:39.067,2026-09-18 02:43:35.980,125,PU
174535,992680953800,G1,100,2,285/40R21 1 (D222V):PWPR,1250288.0,TB2_CPL_TypeLayoutCapPly,Layout Type (Spec card),D222V,TB262,,2026-09-18 02:42:39.067,2026-09-18 02:43:35.980,125,PU
174535,992680953800,G1,100,2,285/40R21 1 (D222V):PWPR,1250288.0,TB2_CPL_TypeLayoutCapPly,Layout Type (Spec card),D222V,TB263,,2026-09-18 02:42:39.067,2026-09-18 02:43:35.980,125,PU
174535,992680953800,G1,100,2,285/40R21 1 (D222V):PWPR,1250288.0,TB2_CPL_TypeLayoutCapPly,Layout Type (Spec card),D222V,TB271,,2026-09-18 02:42:39.067,2026-09-18 02:43:35.980,125,PU
174535,992680953800,G1,100,2,285/40R21 1 (D222V):PWPR,1250288.0,TB2_CPL_TypeLayoutCapPly,Layout Type (Spec card),D222V,TB272,,2026-09-18 02:42:39.067,2026-09-18 02:43:35.980,125,PU
174535,992680953800,G1,100,2,285/40R21 1 (D222V):PWPR,1250288.0,TB2_CPL_TypeLayoutCapPly,Layout Type (Spec card),D222V,TB273,,2026-09-18 02:42:39.067,2026-09-18 02:43:35.980,125,PU
174535,992680953800,G1,100,2,285/40R21 1 (D222V):PWPR,1250288.0,TB2_CPL_TypeLayoutCapPly,Layout Type (Spec card),D222V,TB274,,2026-09-18 02:42:39.067,2026-09-18 02:43:35.980,125,PU
174535,992680953800,G1,100,2,285/40R21 1 (D222V):PWPR,1250288.0,TB2_CPL_TypeLayoutCapPly,Layout Type (Spec card),D222V,TB275,,2026-09-18 02:42:39.067,2026-09-18 02:43:35.980,125,PU
174535,992680953800,G1,100,2,285/40R21 1 (D222V):PWPR,1250288.0,TB2_CPL_TypeLayoutCapPly,Layout Type (Spec card),D222V,TB281,,2026-09-18 02:42:39.067,2026-09-18 02:43:35.980,125,PU
174535,992680953800,G1,100,2,285/40R21 1 (D222V):PWPR,1250439.0,TB2_INF_PlyLock,Ply Lock (Spec card),C+0,TB264,,2026-09-18 02:42:39.067,2026-09-18 02:43:35.980,125,PU
174535,992680953800,G1,100,2,285/40R21 1 (D222V):PWPR,1250288.0,TB2_CPL_TypeLayoutCapPly,Layout Type (Spec card),D222V,TB282,,2026-09-18 02:42:39.067,2026-09-18 02:43:35.980,125,PU
174535,992680953800,G1,100,2,285/40R21 1 (D222V):PWPR,1250288.0,TB2_CPL_TypeLayoutCapPly,Layout Type (Spec card),D222V,TB283,,2026-09-18 02:42:39.067,2026-09-18 02:43:35.980,125,PU
174535,992680953800,G1,100,2,285/40R21 1 (D222V):PWPR,1250288.0,TB2_CPL_TypeLayoutCapPly,Layout Type (Spec card),D222V,TB285,,2026-09-18 02:42:39.067,2026-09-18 02:43:35.980,125,PU
174535,992680953800,G1,100,2,285/40R21 1 (D222V):PWPR,1250288.0,TB2_CPL_TypeLayoutCapPly,Layout Type (Spec card),D222V,TB286,,2026-09-18 02:42:39.067,2026-09-18 02:43:35.980,125,PU
174535,992680953800,G1,100,2,285/40R21 1 (D222V):PWPR,1250288.0,TB2_CPL_TypeLayoutCapPly,Layout Type (Spec card),D222V,TB264,,2026-09-18 02:42:39.067,2026-09-18 02:43:35.980,125,PU
174535,992680953800,G1,100,2,285/40R21 1 (D222V):PWPR,1250529.0,TB2_SPR_StatusSprayingLayer1Position3,Top Layer Pos.3 (Future Function),1,TB282,,2026-09-18 02:42:39.067,2026-09-18 02:43:35.980,125,PU
174535,992680953800,G1,100,2,285/40R21 1 (D222V):PWPR,1250529.0,TB2_SPR_StatusSprayingLayer1Position3,Top Layer Pos.3 (Future Function),1,TB283,,2026-09-18 02:42:39.067,2026-09-18 02:43:35.980,125,PU
174535,992680953800,G1,100,2,285/40R21 1 (D222V):PWPR,1250529.0,TB2_SPR_StatusSprayingLayer1Position3,Top Layer Pos.3 (Future Function),1,TB285,,2026-09-18 02:42:39.067,2026-09-18 02:43:35.980,125,PU
174535,992680953800,G1,100,2,285/40R21 1 (D222V):PWPR,1250529.0,TB2_SPR_StatusSprayingLayer1Position3,Top Layer Pos.3 (Future Function),1,TB286,,2026-09-18 02:42:39.067,2026-09-18 02:43:35.980,125,PU
174535,992680953800,G1,100,2,285/40R21 1 (D222V):PWPR,1250534.0,TB2_SPR_StatusSprayingLayer2Position4,2nd Layer Pos.4 (Future Function),1,TB276,,2026-09-18 02:42:39.067,2026-09-18 02:43:35.980,125,PU
174535,992680953800,G1,100,2,285/40R21 1 (D222V):PWPR,1250534.0,TB2_SPR_StatusSprayingLayer2Position4,2nd Layer Pos.4 (Future Function),1,TB274,,2026-09-18 02:42:39.067,2026-09-18 02:43:35.980,125,PU
174535,992680953800,G1,100,2,285/40R21 1 (D222V):PWPR,1250608.0,TB2_CPL_ImageSpecification,Cap Ply Image Selection (Spec Card),D222V,TB283,,2026-09-18 02:42:39.067,2026-09-18 02:43:35.980,125,PU
174535,992680953800,G1,100,2,285/40R21 1 (D222V):PWPR,1250608.0,TB2_CPL_ImageSpecification,Cap Ply Image Selection (Spec Card),D222V,TB261,,2026-09-18 02:42:39.067,2026-09-18 02:43:35.980,125,PU
174535,992680953800,G1,100,2,285/40R21 1 (D222V):PWPR,1250433.0,TB2_CPL_NameMaterial,Material (Spec card),N03303,TB282,,2026-09-18 02:42:39.067,2026-09-18 02:43:35.980,125,PU
174535,992680953800,G1,100,2,285/40R21 1 (D222V):PWPR,1250433.0,TB2_CPL_NameMaterial,Material (Spec card),N03303,TB283,,2026-09-18 02:42:39.067,2026-09-18 02:43:35.980,125,PU
174535,992680953800,G1,100,2,285/40R21 1 (D222V):PWPR,1250433.0,TB2_CPL_NameMaterial,Material (Spec card),N03303,TB285,,2026-09-18 02:42:39.067,2026-09-18 02:43:35.980,125,PU
174535,992680953800,G1,100,2,285/40R21 1 (D222V):PWPR,1250433.0,TB2_CPL_NameMaterial,Material (Spec card),N03303,TB286,,2026-09-18 02:42:39.067,2026-09-18 02:43:35.980,125,PU
174535,992680953800,G1,100,2,285/40R21 1 (D222V):PWPR,1250433.0,TB2_CPL_NameMaterial,Material (Spec card),N03303,TB264,,2026-09-18 02:42:39.067,2026-09-18 02:43:35.980,125,PU
174535,992680953800,G1,100,2,285/40R21 1 (D222V):PWPR,1250608.0,TB2_CPL_ImageSpecification,Cap Ply Image Selection (Spec Card),D222V,TB284,,2026-09-18 02:42:39.067,2026-09-18 02:43:35.980,125,PU
174535,992680953800,G1,100,2,285/40R21 1 (D222V):PWPR,1250608.0,TB2_CPL_ImageSpecification,Cap Ply Image Selection (Spec Card),D222V,TB251,,2026-09-18 02:42:39.067,2026-09-18 02:43:35.980,125,PU
174535,992680953800,G1,100,2,285/40R21 1 (D222V):PWPR,1250608.0,TB2_CPL_ImageSpecification,Cap Ply Image Selection (Spec Card),D222V,TB252,,2026-09-18 02:42:39.067,2026-09-18 02:43:35.980,125,PU
174535,992680953800,G1,100,2,285/40R21 1 (D222V):PWPR,1250608.0,TB2_CPL_ImageSpecification,Cap Ply Image Selection (Spec Card),D222V,TB254,,2026-09-18 02:42:39.067,2026-09-18 02:43:35.980,125,PU
174535,992680953800,G1,100,2,285/40R21 1 (D222V):PWPR,1250608.0,TB2_CPL_ImageSpecification,Cap Ply Image Selection (Spec Card),D222V,TB262,,2026-09-18 02:42:39.067,2026-09-18 02:43:35.980,125,PU
174535,992680953800,G1,100,2,285/40R21 1 (D222V):PWPR,1250433.0,TB2_CPL_NameMaterial,Material (Spec card),N03303,TB276,,2026-09-18 02:42:39.067,2026-09-18 02:43:35.980,125,PU
174535,992680953800,G1,100,2,285/40R21 1 (D222V):PWPR,1250608.0,TB2_CPL_ImageSpecification,Cap Ply Image Selection (Spec Card),D222V,TB263,,2026-09-18 02:42:39.067,2026-09-18 02:43:35.980,125,PU
174535,992680953800,G1,100,2,285/40R21 1 (D222V):PWPR,1250608.0,TB2_CPL_ImageSpecification,Cap Ply Image Selection (Spec Card),D222V,TB271,,2026-09-18 02:42:39.067,2026-09-18 02:43:35.980,125,PU
174535,992680953800,G1,100,2,285/40R21 1 (D222V):PWPR,1250608.0,TB2_CPL_ImageSpecification,Cap Ply Image Selection (Spec Card),D222V,TB272,,2026-09-18 02:42:39.067,2026-09-18 02:43:35.980,125,PU
174535,992680953800,G1,100,2,285/40R21 1 (D222V):PWPR,1250608.0,TB2_CPL_ImageSpecification,Cap Ply Image Selection (Spec Card),D222V,TB273,,2026-09-18 02:42:39.067,2026-09-18 02:43:35.980,125,PU
174535,992680953800,G1,100,2,285/40R21 1 (D222V):PWPR,1250608.0,TB2_CPL_ImageSpecification,Cap Ply Image Selection (Spec Card),D222V,TB274,,2026-09-18 02:42:39.067,2026-09-18 02:43:35.980,125,PU
174535,992680953800,G1,100,2,285/40R21 1 (D222V):PWPR,1250608.0,TB2_CPL_ImageSpecification,Cap Ply Image Selection (Spec Card),D222V,TB275,,2026-09-18 02:42:39.067,2026-09-18 02:43:35.980,125,PU
174535,992680953800,G1,100,2,285/40R21 1 (D222V):PWPR,1250608.0,TB2_CPL_ImageSpecification,Cap Ply Image Selection (Spec Card),D222V,TB276,,2026-09-18 02:42:39.067,2026-09-18 02:43:35.980,125,PU
174535,992680953800,G1,100,2,285/40R21 1 (D222V):PWPR,1250608.0,TB2_CPL_ImageSpecification,Cap Ply Image Selection (Spec Card),D222V,TB281,,2026-09-18 02:42:39.067,2026-09-18 02:43:35.980,125,PU
174535,992680953800,G1,100,2,285/40R21 1 (D222V):PWPR,1250608.0,TB2_CPL_ImageSpecification,Cap Ply Image Selection (Spec Card),D222V,TB282,,2026-09-18 02:42:39.067,2026-09-18 02:43:35.980,125,PU
174535,992680953800,G1,100,2,285/40R21 1 (D222V):PWPR,1250433.0,TB2_CPL_NameMaterial,Material (Spec card),N03303,TB281,,2026-09-18 02:42:39.067,2026-09-18 02:43:35.980,125,PU
174535,992680953800,G1,100,2,285/40R21 1 (D222V):PWPR,1250433.0,TB2_CPL_NameMaterial,Material (Spec card),N03303,TB275,,2026-09-18 02:42:39.067,2026-09-18 02:43:35.980,125,PU
174535,992680953800,G1,100,2,285/40R21 1 (D222V):PWPR,1250534.0,TB2_SPR_StatusSprayingLayer2Position4,2nd Layer Pos.4 (Future Function),1,TB273,,2026-09-18 02:42:39.067,2026-09-18 02:43:35.980,125,PU
174535,992680953800,G1,100,2,285/40R21 1 (D222V):PWPR,1250533.0,TB2_SPR_StatusSprayingLayer2Position3,2nd Layer Pos.3 (Future Function),1,TB264,,2026-09-18 02:42:39.067,2026-09-18 02:43:35.980,125,PU
174535,992680953800,G1,100,2,285/40R21 1 (D222V):PWPR,1250534.0,TB2_SPR_StatusSprayingLayer2Position4,2nd Layer Pos.4 (Future Function),1,TB272,,2026-09-18 02:42:39.067,2026-09-18 02:43:35.980,125,PU
174535,992680953800,G1,100,2,285/40R21 1 (D222V):PWPR,1250534.0,TB2_SPR_StatusSprayingLayer2Position4,2nd Layer Pos.4 (Future Function),1,TB271,,2026-09-18 02:42:39.067,2026-09-18 02:43:35.980,125,PU
174535,992680953800,G1,100,2,285/40R21 1 (D222V):PWPR,1250534.0,TB2_SPR_StatusSprayingLayer2Position4,2nd Layer Pos.4 (Future Function),1,TB263,,2026-09-18 02:42:39.067,2026-09-18 02:43:35.980,125,PU
174535,992680953800,G1,100,2,285/40R21 1 (D222V):PWPR,1250534.0,TB2_SPR_StatusSprayingLayer2Position4,2nd Layer Pos.4 (Future Function),1,TB262,,2026-09-18 02:42:39.067,2026-09-18 02:43:35.980,125,PU
174535,992680953800,G1,100,2,285/40R21 1 (D222V):PWPR,1250534.0,TB2_SPR_StatusSprayingLayer2Position4,2nd Layer Pos.4 (Future Function),1,TB261,,2026-09-18 02:42:39.067,2026-09-18 02:43:35.980,125,PU
174535,992680953800,G1,100,2,285/40R21 1 (D222V):PWPR,1250534.0,TB2_SPR_StatusSprayingLayer2Position4,2nd Layer Pos.4 (Future Function),1,TB254,,2026-09-18 02:42:39.067,2026-09-18 02:43:35.980,125,PU
174535,992680953800,G1,100,2,285/40R21 1 (D222V):PWPR,1250534.0,TB2_SPR_StatusSprayingLayer2Position4,2nd Layer Pos.4 (Future Function),1,TB252,,2026-09-18 02:42:39.067,2026-09-18 02:43:35.980,125,PU
174535,992680953800,G1,100,2,285/40R21 1 (D222V):PWPR,1250534.0,TB2_SPR_StatusSprayingLayer2Position4,2nd Layer Pos.4 (Future Function),1,TB251,,2026-09-18 02:42:39.067,2026-09-18 02:43:35.980,125,PU
174535,992680953800,G1,100,2,285/40R21 1 (D222V):PWPR,1250534.0,TB2_SPR_StatusSprayingLayer2Position4,2nd Layer Pos.4 (Future Function),1,TB284,,2026-09-18 02:42:39.067,2026-09-18 02:43:35.980,125,PU
174535,992680953800,G1,100,2,285/40R21 1 (D222V):PWPR,1250433.0,TB2_CPL_NameMaterial,Material (Spec card),N03303,TB284,,2026-09-18 02:42:39.067,2026-09-18 02:43:35.980,125,PU
174535,992680953800,G1,100,2,285/40R21 1 (D222V):PWPR,1250433.0,TB2_CPL_NameMaterial,Material (Spec card),N03303,TB274,,2026-09-18 02:42:39.067,2026-09-18 02:43:35.980,125,PU
174535,992680953800,G1,100,2,285/40R21 1 (D222V):PWPR,1250433.0,TB2_CPL_NameMaterial,Material (Spec card),N03303,TB251,,2026-09-18 02:42:39.067,2026-09-18 02:43:35.980,125,PU
174535,992680953800,G1,100,2,285/40R21 1 (D222V):PWPR,1250433.0,TB2_CPL_NameMaterial,Material (Spec card),N03303,TB252,,2026-09-18 02:42:39.067,2026-09-18 02:43:35.980,125,PU
174535,992680953800,G1,100,2,285/40R21 1 (D222V):PWPR,1250433.0,TB2_CPL_NameMaterial,Material (Spec card),N03303,TB254,,2026-09-18 02:42:39.067,2026-09-18 02:43:35.980,125,PU
174535,992680953800,G1,100,2,285/40R21 1 (D222V):PWPR,1250433.0,TB2_CPL_NameMaterial,Material (Spec card),N03303,TB261,,2026-09-18 02:42:39.067,2026-09-18 02:43:35.980,125,PU
174535,992680953800,G1,100,2,285/40R21 1 (D222V):PWPR,1250433.0,TB2_CPL_NameMaterial,Material (Spec card),N03303,TB262,,2026-09-18 02:42:39.067,2026-09-18 02:43:35.980,125,PU
174535,992680953800,G1,100,2,285/40R21 1 (D222V):PWPR,1250433.0,TB2_CPL_NameMaterial,Material (Spec card),N03303,TB263,,2026-09-18 02:42:39.067,2026-09-18 02:43:35.980,125,PU
174535,992680953800,G1,100,2,285/40R21 1 (D222V):PWPR,1250433.0,TB2_CPL_NameMaterial,Material (Spec card),N03303,TB271,,2026-09-18 02:42:39.067,2026-09-18 02:43:35.980,125,PU
174535,992680953800,G1,100,2,285/40R21 1 (D222V):PWPR,1250433.0,TB2_CPL_NameMaterial,Material (Spec card),N03303,TB272,,2026-09-18 02:42:39.067,2026-09-18 02:43:35.980,125,PU
174535,992680953800,G1,100,2,285/40R21 1 (D222V):PWPR,1250433.0,TB2_CPL_NameMaterial,Material (Spec card),N03303,TB273,,2026-09-18 02:42:39.067,2026-09-18 02:43:35.980,125,PU
174535,992680953800,G1,100,2,285/40R21 1 (D222V):PWPR,1250528.0,TB2_SPR_StatusSprayingLayer1Position2,Top Layer Pos.2 (Future Function),1,TB271,,2026-09-18 02:42:39.067,2026-09-18 02:43:35.980,125,PU
174535,992680953800,G1,100,2,285/40R21 1 (D222V):PWPR,1250528.0,TB2_SPR_StatusSprayingLayer1Position2,Top Layer Pos.2 (Future Function),1,TB272,,2026-09-18 02:42:39.067,2026-09-18 02:43:35.980,125,PU
174535,992680953800,G1,100,2,285/40R21 1 (D222V):PWPR,1250528.0,TB2_SPR_StatusSprayingLayer1Position2,Top Layer Pos.2 (Future Function),1,TB273,,2026-09-18 02:42:39.067,2026-09-18 02:43:35.980,125,PU
174535,992680953800,G1,100,2,285/40R21 1 (D222V):PWPR,1250063.0,TB2_TR_SAPMaterialNumber,Tread SAPCode,992410561500,TB274,,2026-09-18 02:42:39.067,2026-09-18 02:43:35.980,125,PU
174535,992680953800,G1,100,2,285/40R21 1 (D222V):PWPR,1250063.0,TB2_TR_SAPMaterialNumber,Tread SAPCode,992410561500,TB251,,2026-09-18 02:42:39.067,2026-09-18 02:43:35.980,125,PU
174535,992680953800,G1,100,2,285/40R21 1 (D222V):PWPR,1250063.0,TB2_TR_SAPMaterialNumber,Tread SAPCode,992410561500,TB252,,2026-09-18 02:42:39.067,2026-09-18 02:43:35.980,125,PU
174535,992680953800,G1,100,2,285/40R21 1 (D222V):PWPR,1250063.0,TB2_TR_SAPMaterialNumber,Tread SAPCode,992410561500,TB254,,2026-09-18 02:42:39.067,2026-09-18 02:43:35.980,125,PU
174535,992680953800,G1,100,2,285/40R21 1 (D222V):PWPR,1250063.0,TB2_TR_SAPMaterialNumber,Tread SAPCode,992410561500,TB261,,2026-09-18 02:42:39.067,2026-09-18 02:43:35.980,125,PU
174535,992680953800,G1,100,2,285/40R21 1 (D222V):PWPR,1250063.0,TB2_TR_SAPMaterialNumber,Tread SAPCode,992410561500,TB262,,2026-09-18 02:42:39.067,2026-09-18 02:43:35.980,125,PU
174535,992680953800,G1,100,2,285/40R21 1 (D222V):PWPR,1250063.0,TB2_TR_SAPMaterialNumber,Tread SAPCode,992410561500,TB263,,2026-09-18 02:42:39.067,2026-09-18 02:43:35.980,125,PU
174535,992680953800,G1,100,2,285/40R21 1 (D222V):PWPR,1250063.0,TB2_TR_SAPMaterialNumber,Tread SAPCode,992410561500,TB271,,2026-09-18 02:42:39.067,2026-09-18 02:43:35.980,125,PU
174535,992680953800,G1,100,2,285/40R21 1 (D222V):PWPR,1250063.0,TB2_TR_SAPMaterialNumber,Tread SAPCode,992410561500,TB272,,2026-09-18 02:42:39.067,2026-09-18 02:43:35.980,125,PU
174535,992680953800,G1,100,2,285/40R21 1 (D222V):PWPR,1250063.0,TB2_TR_SAPMaterialNumber,Tread SAPCode,992410561500,TB273,,2026-09-18 02:42:39.067,2026-09-18 02:43:35.980,125,PU
174535,992680953800,G1,100,2,285/40R21 1 (D222V):PWPR,1250063.0,TB2_TR_SAPMaterialNumber,Tread SAPCode,992410561500,TB275,,2026-09-18 02:42:39.067,2026-09-18 02:43:35.980,125,PU
174535,992680953800,G1,100,2,285/40R21 1 (D222V):PWPR,1250413.0,TB2_TR_ColorTreadMarking4,Color Position 4,R,TB264,,2026-09-18 02:42:39.067,2026-09-18 02:43:35.980,125,PU
174535,992680953800,G1,100,2,285/40R21 1 (D222V):PWPR,1250063.0,TB2_TR_SAPMaterialNumber,Tread SAPCode,992410561500,TB276,,2026-09-18 02:42:39.067,2026-09-18 02:43:35.980,125,PU
